p	p
46	46
subtilium	subtilium
ꝓfunditatē	profunditatem
ardenti᷒	ardentius
p᷒modū	postmodum
recurrat	recurrat
Scio	scio
quidem	quidem
pr̄es	patres
km̄i	karissimi
plureᷤ	plures
eē	esse
inter	inter
uos	uos
uerbi	uerbi
diuini	diuini
dispensa	dispensa
tores	tores
ydoneos	ydoneos
qui	qui
legem	legem
diuinam	diuinam
digito	digito
dei	dei
in	in
cordibz	cordibus
eorum	eorum
scriptam	scriptam
n̄	non
solum	solum
in	in
sermone	sermone
freq̄nt̄	frequenter
annuntiant	annuntiant
sz	sed
etiam	etiam
efficacit̄	efficaciter
in	in
oꝑe	opere
demonstarnt	demonstrant
qꝛ	quia
tam̄	tamen
fratū	fratum
ꝓfectibz	profectibus
ex	ex
ī	in
iuncto	iuncto
teneor	teneor
officio	officio
deseruire	deseruire
n̄	non
abre	abre
iudico	iudico
ad	ad
edificationē	edificationem
simpliciū	simplicium
saltem	saltem
Ꝯmunia	communia
⁊	et
quasi	quasi
om̄ibz	omnibus
nota	nota
ꝓpon̄e	proponere
Insufficentiā	Insufficentiam
itaqz	itaque
meam	meam
uobis	uobis
n̄	non
incognitā	incognitam
penes	penes
uos	uos
excusans	excusans
ueniam	ueniam
dep̄sentione	depresumptione
postulo	postulo
quia	quia
linguā	linguam
cui	cui
silentium	silentium
scientie	scientie
defectus	defectus
imponit	imponit
⁊	et
imperat	imperat
frat̄ne	fraterne
caritatis	caritatis
affectus	affectus
ad	ad
loquendum	loquendum
resoluit	resoluit
⁊	et
Ꝯfortat	confortat
Ego	Ego
sum	sum
pa	pa
stor	stor
bon᷒	bonus
⁊c̄	etcetera
In	In
ūbis	uerbis
istis	istis
fratres	fratres
tͥa	tria
pͥmo	primo
Ꝯsiðanda	consideranda
noƀ	nobis
occ᷑runt	occurrunt
bonitas	bonitas
redēpto	redempto
ris	ris
nr̄i	nostri
cum	cum
dicitur	dicitur
Ego	Ego
sum	sum
pastor	pastor
bonus	bonus
sollicitudo	sollicitudo
⁊	et
affectus	affectus
eius	eius
erga	erga
noᷤ	nos
cum	cum
addit᷑	additur
qui	qui
pasco	pasco
oues	oues
meas	meas
bonitatis	bonitatis
⁊	et
sollicitudinis	sollicitudinis
ei᷒dem	eiusdem
īenarrabilis	inenarrabilis
et	et
ft̄s	factus
cum	cum
ad	ad
extremū	extremum
Ꝯcludit᷑	concluditur
⁊	et
ꝓ	pro
ouibz	ouibus
meis	meis
pono	pono
aīam	animam
meā	meam
Et	Et
pͥmo	primo
qͥdem	quidem
ad	ad
bontatis	bontatis
ip̄ius	ipsius
habundantiā	habundantiam
m̄tis	mentis
ocuos	oculos
retorq̄amus	retorquamus
⁊	et
īueniemus	inueniemus
ꝓcul	procul
dubio	dubio
multiplices	multiplices
boneficioꝝ	boneficiorum
ei᷒	eius
Ꝯsolationes	consolationes
quibz	quibus
quasi	quasi
qͥb᷒dam	quibusdam
stimulis	stimulis
ī	in
amorē	amorem
ip̄i᷒	ipsius
toto	toto
m̄tis	mentis
affectu	affectu
rapͥamur	rapiamur
In	In
tͥbz	tribus
aū	autem
p̄cipue	precipue
bonitatē	bonitatem
diuinā	diuinam
possumus	possumus
attenðe	attendere
uidelicet	uidelicet
ī	in
homīs	hominis
creatione	creatione
ī	in
ip̄ius	ipsius
recreatio	recreatione
⁊	et
ī	in
ei᷒dem	eiusdem
gƚificatione	glorificatione
In	In
creatione	creatione
quidem	quidem
qꝛ	quia
p̄p	propter
bonitatē	bonitatem
diuinā	diuinam
creatus	creatus
est	est
homo	homo
sicut	sicut
testatur	testatur
beatus	beatus
aug᷒	augustus
in	in
libro	libro
de	de
doctͥna	doctrina
xpīana	christiana
ubi	ubi
ait	ait
qꝛ	quia
deus	deus
bon᷒	bonus
est	est
nos	nos
sumus	sumus
⁊	et
ī	in
qͣntum	quantum
sum᷒	sumus
boni	boni
sum᷒	sumus
Ecce	Ecce
qꝛ	quia
creat᷒	creatus
est	est
hō	homo
ꝓpt̄	propter
bonitatē	bonitatem
diuinā	diuinam
creatus	creatus
est	est
etiam	etiam
p̄p	propter
utilitatē	utilitatem
suam	suam
utile	utile
ē	est
enim	enim
homini	homini
seruire	seruire
ðo	deo
ut	ut
postmodū	postmodum
fruat᷑	fruatur
eo	eo
deo	deo
enī	enim
seruire	seruire
regare	regare
ē	est
⁊	et
sic	sic
ordinauit	ordinauit
diuina	diuina
moðatio	moderatio
ut	ut
omnia	omnia
que	que
pp̄	propter
hōiem	hominem
fcā	factam
st̄	sunt
⁊	et
sub	sub
ip̄o	ipso
existunt	existunt
usibz	usibus
eius	eius
deseruiant	deseruiant
ut	ut
ip̄e	ipse
ordine	ordine
legitimo	legitimo
suo	suo
suꝑiori	superiori
i.	idest
dō	deo
debitū	debitum
exibeat	exibeat
famulatū	famulatum
In	In
recreatione	recreatione
aū	autem
hom̄is	hominis
maiorē	maiorem
cumulū	cumulum
diuine	diuine
bonitatis	bonitatis
p᷒sumus	postsumus
attendere	attendere
Quanta	Quanta
enī	enim
dignatio	dignatio
ut	ut
fili᷒	filius
đi	dei
an̄	autem
secula	secula
fc̄s	factus
hom̄is	hominis
fili᷒	filius
infine	infine
seculoꝝ	seculorum
defectus	defectus
nr̄e	nostre
carniᷤ	carnis
sint	sint
pec	pec
susciꝑet	susciperet
⁊	et
humani	humani
generis	generis
miserie	misererie
misericordit̄	misericorditer
Ꝯpatiens	conpatiens
hoīem	hominem
ꝑditū	perditum
adregna	adregna
celestia	celestia
reuocaret	reuocaretur
o	o
quam	quam
diues	diues
ī	in
micðia	misericordia
qͣm	quam
munific᷒	munificus
ī	in
gr̄a	gratia
redēptor	redemptor
noster	noster
qͥ	qui
de	de
sinu	sinu
patris	patris
descendens	descendens
ouem	ouem
ꝑditam	perditam
ꝓpͥis	propriis
humeris	humeris
ad	ad
gregē	gregem
reportauit	reportauit
⁊	et
pͥme	prime
p̄uaricationis	peruaricationis
reatum	reatum
diluens	diluens
se	se
ip̄m	ipsum
ꝓ	pro
noƀ	nobis
p̄cium	precium
redemptionis	redemtionis
optulit	optulit
In	In
hoīs	hominis
uͦ	uero
glori	glori
ficatione	ficatione
multo	multo
magis	magis
elucet	elucet
diui	diui
ne	ne
respectus	respectus
miscd̄ie	misericordie
Que	Que
enī	enim
maior	maior
gr̄a	gracia
quam	quam
ut	ut
destructa	destructa
captiuitate	captiuitate
seruus	seruus
intret	intret
ī	in
gaudiū	gaudium
dn̄i	domini
sui	sui
⁊	et
here	here
ditatē	ditatem
Ꝯsequat᷑	consequatur
que	que
de	de
cet̄o	cetero
n̄	non
possit	possit
au	au
ferri	ferri
hoc	hoc
est	est
ꝙ	quod
ip̄e	ipse
dominus	dominus
ait	ait
pat̄	pater
uolo	uolo
ut	ut
ubi	ubi
sum	sum
illic	illic
sit	sit
⁊	et
minister	minister
meus	meus
Et	Et
alibi	alibi
pat̄	pater
quos	quos
dedisti	dedisti
mͥ	mihi
uolo	uolo
ut	ut
ubi	ubi
ego	ego
sum	sum
⁊	et
illi	illi
sint	sint
mecū	mecum
ut	ut
uideant	uideant
claritatē	claritatem
meā	meam
qͣm	quam
didisti	dedisti
mͥ	mihi
quia	quia
dilexisti	dilexisti
me	me
an̄	autem
Ꝯtitutionē	constitutionem
seculi	seculi
In	In
hac	hac
autem	autem
gl͛ificatione	glorificatione
tͥa	tria
quilibet	quilibet
electorum	electorum
diuino	diuino
mun̄e	munere
consequit᷑	consequitur
quibz	quibus
ab	ab
sorta	forta
morte	morte
ī	in
uictoriam	uictoriam
sn̄	sine
t̄mino	termino
feliciter	feliciter
ꝑfruet᷑	perfruetur
pͥmū	primum
est	est
et̄na	eterna
sacietas	sacietas
in	in
dī	dei
Ꝯtemplatione	contemplatione
Scd̄m	secundum
int̄na	interna
iocunditas	iocunditas
inꝮscientie	inconscientie
puritate	puritate
t̄cium	tercium
iocunda	iocunda
unitas	unitas
in	in
sc̄orum	sanctorum
societate	socitate
Et	Et
ħ	hoc
quidem	quidem
de	de
bonitate	bonitate
redēptoris	redemptoris
nr̄i	nostri
succincte	succincte
ꝑcur	percur
rentes	rentes
n̄c	nec
ad	ad
sollicitudinē	sollicitudinem
⁊	et
affectum	affectum
ip̄ius	ipsius
erga	erga
nos	nos
Ꝯsiderationis	considerationis
oculos	oculos
attollamus	accollamus
Ego	Ego
sum	sum
inquit	inquit
pastor	pastor
bonus	bonus
qui	qui
pasco	pasco
oues	oues
meas	meas
pascit	pascit
dominus	dominus
oues	oues
suas	suas
i.	idest
fideles	fideles
populos	populos
multiplicit̄	multipliciter
Siqͥdem	siquidem
pascit	pascit
tēporaliū	temporalium
sub	sub
ministratione	ministratione
pascit	pascit
diuini	diuini
ū	uer
bi	bi
eruditione	eruditione
pascit	pascit
etiam	etiam
sacͣmen	sacramen
toꝝ	torum
participatione	participatione
ad	ad
extremum	extremum
pascit	pascit
et̄na	eterna
sue	sue
diuinitatis	diuinitatis
uisione	uisione
pascit	pascit
tēꝑaliū	temporalium
subministtͣione	subministratione
sicut	sicut
habetis	habetis
in	in
psalmo	psalmo
Qui	Qui
custodit	custodit
ueritatem	ueritatem
ī	in
secl͛m	seculum
facit	facit
iudiciū	iudicium
īiuriam	iniuriam
patientibz	patientibus
dat	dat
escam	escam
esurientibz	esurientibus
escam	escam
uidelicet	uidelicet
tam	tam
corporalē	corporalem
qͣm	quam
spiritalem	spiritalem
⁊	et
alibi	alibi
Qui	Qui
dat	dat
escam	escam
ium̄tis	iumentis
ip̄oꝝ	ipsorum
⁊	et
pullis	pullis
coruoꝝ	coruorum
īuocantibz	inuocantibus
eū	eum
pascit	pascit
diuini	diuini
uerbi	uerbi
eruditione	eruditione
sic̄	sicut
in	in
alio	alio
psalmo	psalmo
scͥptum	scriptum
est	est
Dn̄s	Dominus
regit	regit
me	me
⁊	et
nicħ	nichil
mͥ	mihi
deerit	deerit
ī	in
loco	loco
pascue	pascue
hoc	hoc
est	est
intelligentia	intelligentia
diuini	diuini
sermonis	sermonis
ibi	ibi
me	me
collocauit	collocauit
pascit	pascit
etiam	etiam
sacͣmentoꝝ	sacramentorum
participatione	participatione
⁊	et
p̄cipue	precipue
sacͣ	sacra
corporis	corporis
⁊	et
sanguinis	sanguinis
sui	sui
Ꝯmunione	comunione
ūn	unde
ip̄e	ipse
Ego	Ego
sum	sum
panis	panis
uiuus	uiuus
qͥ	qui
decelo	decelo
descendi	descendi
Siquis	siquis
manducaūit	manducauerit
ex	ex
hoc	hoc
pane	pane
uiuet	uiuet
in	in
et̄num	eternum
ad	ad
extremum	extremum
pascit	pascit
et̄na	eterna
sue	sue
diuinitatis	diuinitatis
uisione	uisione
un̄	unde
beat᷒	beatus
ḡg	gregorius
ait	ait
pascua	pascua
e	e
lectorum	lectorum
st̄	sunt
uult᷒	uultus
presens	presens
dei	dei
qͥ	qui
dum	dum
sn̄	sine
defectu	defectu
Ꝯspicitur	conspicitur
sine	sine
fine	fine
mens	mens
cibo	cibo
uite	uite
saciatur	faciatur
sequit᷑	sequitur
⁊	et
ꝓ	pro
ouibz	ouibus
meis	meis
po	po
no	no
aīam	animam
meā	meam
Ecce	Ecce
diuine	diuine
bonitatis	bonitatis
et	ef
fectus	fectus
īenarrabilis	inenarrabilis
Maiorē	maiorem
enī	enim
caritatē	caritatem
nemo	nemo
ħt	habet
qͣm	quam
ut	ut
aīam	animam
suam	suam
ponat	ponat
qͥs	quis
ꝓ	pro
amicis	amicis
suis	suis
xp̄c	christus
uͦ	uero
largiore	largiore
caritatis	caritatis
habundantia	habundantia
etiā	etiam
ꝓ	pro
īimicis	inimicis
crucis	crucis
suppliciū	supplicium
ꝑtulit	pertulit
⁊	et
in	in
tali	tali
mortis	mortis
īꝑium	imperium
destruens	destruens
serpentē	serpentem
callidū	callidum
qui	qui
in	in
eo	eo
escam	escam
corporis	corporis
appetiit	appetiit
aculeo	aculeo
diuini	diuini
tatis	tatis
sue	sue
transfixit	transfixit
tres	tres
aū	autem
rationa	rationa
biles	biles
causas	causas
p᷒sumus	possumus
assignare	assignare
qͣre	quare
redemptor	redemptor
n̄r	noster
ꝓ	pro
salute	salute
humani	humani
gn̄is	generis
calicem	calicem
gustauerit	gustauerit
passionis	passionis
cum	cum
tn̄	tamen
testante	testante
scͥptura	scriptura
alius	alius
modus	modus
redēp	redemp
tionis	tionis
nr̄e	nostre
ei	ei
ut	ut
pote	pote
om̄ipotenti	omnipotenti
fūit	fuerit
possibilis	possibilis
pͥma	prima
causa	causa
fuit	fuit
hu	hu
humani	humani
generis	generis
miseria	miseria
de	de
qͣ	qua
ī	in
psal	psal
mo	mo
dr̄	dicitur
ꝓpt̄	propter
miseriam	miseriam
ī	in
opum	opum
⁊	et
gemitum	gemitum
pauꝑum	pauperum
n̄c	nec
exurgam	exurgam
i.	idest
manifestabor	manifestabor
dic̄	dicit
dn̄s	dominus
ponā	ponam
in	in
sa	sa
lutari	lutari
ħ	hoc
est	est
in	in
xp̄o	christo
salutem	salutem
generis	generis
humani	humani
⁊	et
fiducialit̄	fiducialiter
agam	agam
in	in
eo	eo
Scd͛a	secunda
caus	causa
fuit	fuit
filialis	filialis
qͣ	quam
pr̄i	patri
exhibuit	exhibuit
obedientia	obedentia
de	de
qua	qua
dicit	dicit
apƚe	apostolus
xp̄c	christus
fc̄s	fratres
est	est
obediens	obediens
deo	deo
patri	patri
usqz	usque
ad	ad
mor	mor
tem	tem
mortem	mortem
autē	autem
crucis	crucis
Et	Et
ip̄e	ipse
fili᷒	filius
ad	ad
patrem	patrem
Clarificaui	clarificaui
te	te
inqͥt	inquit
super	super
t̄ram	terram
opus	opus
Ꝯsūmaui	consummaui
qð	quod
dedisti	dedisti
mͥ	mihi
ut	ut
faciam	faciam
tercia	tercia
causa	causa
fuit	fuit
singularis	singularis
de	de
hoste	hoste
uictoria	uictoria
Consonū	consonum
enim	enim
erat	erat
equitati	equitati
diuine	diuine
⁊	et
suꝑne	superne
dispositioni	dispositioni
ut	ut
sapīa	sapientia
q̄	que
attingit	attingit
a	a
fine	fine
usqz	usque
ad	ad
finem	finem
fortiter	fortiter
⁊	et
disponit	disponit
om̄ia	omnia
suauit̄	suauiter
hostis	hostis
antiqui	antiqui
malitiā	malitiam
non	non
potentia	potentia
sz	sed
iusticia	iustitia
deuinceret	deuinceret
⁊	et
om̄ino	omnino
Ꝯueniens	conueniens
fuit	fuit
uͭ	ut
qͥ	qui
in	in
ligno	ligno
uicerat	uicerat
in	in
ligno	ligno
quoqz	quoque
uictus	iuctus
⁊	et
in	in
laq̄um	laqeum
quem	quem
parauerat	parauerat
p̄cipitatus	precipitatus
instrum̄to	instrumento
sue	sue
fraudis	fraudis
int̄iret	interiret
Neqz	neque
enim	enim
lex	lex
equior	equior
ulla	ulla
qͣm	quam
necis	necis
arrtifi	artifi
cem	cem
arte	arte
ꝑire	perire
sua	sua
Insuper	in
nos	super
ī	nos
con	incon
flictu	flictu
temptationū	temptationum
positos	positos
dn̄s	dominus
sua	sua
uictoria	uictoria
ad	ad
uincendū	iuncendum
roborauit	roborauit
ū	ut
ex	ex
emplo	emplo
ip̄ius	ipsius
patirntiā	patientiam
in	in
tͥbulatiōib᷒	tribulationibus
amplectens	amplectentes
cum	cum
ꝓbati	probati
fuerimus	fuerimus
corinā	coronam
uite	uite
ꝑcipiamus	precipiamus
Nunc	nunc
itaqz	itaque
qͥ	qui
cumqz	cumque
pastor	pastor
ē	est
animarū	animarum
uideant	uideat
ut	ut
faciat	faciat
om̄ia	omnia
iuxta	iuxta
exemplar	exemplar
ꝙ	quod
ei	ei
ī	in
monte	monte
monstratū	monstratum
est	est
uideat	uideat
inqͣm	inquam
ne	ne
sit	sit
mercennari᷒	mercennarius
qui	qui
lupo	lupo
ueniēte	ueniente
dimittit	dimittit
oues	oues
⁊	et
fugit	fugit
sz	sed
ueri	ueri
pastoris	pastoris
fungens	fungens
officio	officio
curam	curam
debitā	debitam
suscep	suscep
tis	tis
inpendat	inpendat
ouibz	ouibus
ut	ut
⁊	et
ip̄e	ipse
cū	cum
domino	domino
dicere	dicere
possit	possit
Ego	Ego
sum	sum
pastor	pastor
bon᷒	bonus
ut	ut
aū	autem
bonus	bonus
pastor	pastor
merito	merito
quis	quis
eē	esse
iudice	iudice
tur	tur
qͣtuor	quatuor
ī	in
eo	eo
necessario	necessario
reqͥrunt᷑	requiruntur
Ꝯūsatio	conuersatio
sc̄a	sancta
fama	fama
integͣ	integra
auctoritas	auctoritas
p	p
122	122
talia	talia
affectandi	affectandi
excludit	excludit
propt̄ea	propterea
respice	respice
ad	ad
cet̄a	cetera
malorum	malorum
genera	genera
uideli	uideli
cet	cet
ad	ad
ea	ea
que	que
fiunt	fiunt
ꝑindiscretionem	perindiscretionem
adea	adea
que	que
fiunt	fiunt
ꝑinpotentiā	perinpotentiam
⁊	et
e	e
contra	contra
ad	ad
illa	illa
que	que
fiunt	fiunt
ꝑ	per
deliƀationem	deliberationem
⁊	et
uidebis	uidebis
quod	quod
affectata	affectata
mala	mala
i.	idest
que	que
exdeliƀatione	exdeliberatione
fiunt	fiunt
sūma	summa
malorum	malorum
attigerunt	attigerunt
Que	Que
enim	enim
ꝑ	per
subreptionē	subreptionem
fiunt	fiunt
mala	mala
ex	ex
hoc	hoc
leuiora	leuiora
sunt	sunt
qͦd	quod
subito	subito
urgenti	urgenti
motu	motu
animi	animi
p̄ueniunt	preueniunt
iudicium	iudicium
rationis	rationis
ut	ut
si	si
motu	motu
iracundie	iracundie
frī	fratri
meo	meo
dicam	dicam
racha	racha
si	si
ue	ue
fatue	fatue
unde	unde
ipse	ipse
incentor	incentor
mali	mali
diabolus	diabolus
propt̄	propter
uelocitatem	uelocitatem
hui᷒	huius
suggestionis	suggestionis
aui	aui
comꝑat᷑	comparatur
in	in
tali	tali
temptatione	tentatione
ut	ut
ibi	ibi
posuerunt	posuerunt
mortalia	mortalia
seruoꝝ	seruorum
tuoꝝ	tuorum
escaᷤ	escas
uolatilib᷒	uolatilibus
Ea	Ea
qͦz	quoque
que	que
ꝑ	per
indiᷤcͤtionē	indiscretionem
fiunt	fiunt
ex	ex
hoc	hoc
qͦdammodo	quodammodo
excusant᷑	excusantur
quod	quod
fallunt	fallunt
iudicium	iudicium
rationis	rationis
uident᷑	uidentur
enim	enim
eē	esse
bona	bona
sz	sed
n̄	non
sunt	sunt
ut	ut
ut	ut
si	si
forte	forte
aliquis	aliquis
uelit	uelit
ieiunare	ieiunare
aliis	aliis
comedū	comeden
tibz	tibus
uel	uel
psallere	psallere
aliis	aliis
dormientib᷒	dormientibus
⁊	et
hui᷒modi	huiusmodi
un̄	unde
⁊	et
ꝓpt̄	propter
fraudem	fraudem
suggestionis	suggestionis
in	in
talibz	talibus
uulpi	uulpi
comparat᷑	comparatur
ut	ut
ibi	ibi
Capite	capite
noƀ	nobis
uulpes	uulpes
paruulas	paruulas
que	que
demoliunt᷑	demoliuntur
uineam	uineam
meam	meam
Similit̄	similiter
⁊	et
ī	in
his	his
q̄	que
ꝑ	per
īpotentiam	impotentiam
fiunt	fiunt
aliqͣ	aliqua
est	est
attenuatio	attenuatio
cul	cul
pe	pe
quia	quia
a	a
deo	deo
uiolenta	uiolenta
ē	est
temptatio	temptatio
quod	quod
n̄	non
suppetunt	suppetunt
iures	uires
resistenti	resistenti
ut	ut
forte	forte
in	in
edulio	edulio
lentis	lentis
esau	esau
⁊	et
in	in
temptatione	temptatione
mulieris	mulieris
illi᷒	illius
fatu	fatu
e	e
que	que
app̄henso	apprehenso
pallio	pallio
ioseph	ioseph
di	di
xit	xit
dormi	dormi
mecum	mecum
Quanto	Quanto
enī	enim
maior	maior
ē	est
uiolentia	uiolentia
temptatiōis	temptationis
tanto	tanto
minor	minor
est	est
uoluntas	uoluntas
pecc̄i	peccati
⁊	et
e	e
cͣrio	contrario
Quanto	Quanto
minor	minor
est	est
tēpta	tempta
tionis	tionis
uiolentia	uiolentia
tanto	tanto
maior	maior
est	est
uoluntas	uoluntas
peccati	peccati
propter	propter
uiolentiam	uiolentiam
autem	autem
temptationis	temptationis
ipse	ipse
suggestor	suggestor
mali	mali
apro	apro
comꝑat᷑	comparatur
ut	ut
ibi	ibi
Ext̄minauit	Exterminauit
eam	eam
aper	aper
de	de
sil	sil
ua	ua
⁊	et
singƚaris	singularis
ferus	ferus
de	de
pastus	pastus
ē	est
eam	eam
Ergo	Ergo
qui	qui
suscepta	suscepta
pauꝑtate	paupertate
⁊	et
humi	humi
litate	litate
imaginem	imaginem
xp̄i	christi
induit	induit
quid	quid
dicturus	dicturus
est	est
si	si
metallo	metallo
regis	regis
impͥ	impri
mit	mit
ymaginem	ymaginem
herodis	herodis
hoc	hoc
iudi	iudi
cium	cium
n̄	non
ē	est
serui	serui
sz	sed
imꝑatoris	imperatoris
unicū	unicum
gͦ	ergo
suꝑ	super
ē	est
consilium	consilium
reformare	reformare
in	in
noƀ	nobis
ymaginem	ymaginem
xp̄i	christi
restaure	restaurare
regis	regis
pec̣	pec
cuniam	cuniam
ut	ut
ueniens	ueniens
pon̄e	ponere
rationē	rationem
cum	cum
seruis	seruis
suis	suis
cum	cum
usuris	usuris
exigat	exigat
illam	illam
preueniant	preueniant
iudicem	iudicem
t̄ribilē	terribilem
planctus	planctus
penitentie	penitentie
mīa	misericordia
oꝑa	opera
mū	mun
ditia	ditia
uite	uite
que	que
hebetēt	hebetent
aciem	aciem
gladii	gladii
illius	illius
ūsatilis	uersatilis
qͣmdiu	quamdiu
suspenditur	suspenditur
manus	manus
ferientis	ferientis
Quis	Quis
enim	enim
non	non
timeat	timeat
ictum	ictum
insanabilem	insanabilem
uͥ	ubi
mat̄i	materi
a	a
fragilis	fragilis
gladius	gladius
penetrabilis	penetrabilis
ꝑcussor	percussor
fortis	fortis
optineant	optineant
gͦ	ergo
preces	preces
⁊	et
lacͥme	lacrime
uͭ	ut
gladi᷒	gladius
eterne	eterne
dampnationis	dampnationis
conūtat᷑	conuertatur
in	in
uirgịam	uirgiam
correptōnis	correptionis
que	que
sic	sic
ī	in
p̄seti	presenti
corripiat	corripiat
fr̄s	fratres
ut	ut
in	in
futuro	futuro
faciat	faciat
heredes	heredes
illius	illius
ħeditati	hereditatis
qͣm	quam
īmarcesṣͨibilem	immarcessibilem
⁊	et
inꝮtaminatā	incontaminatam
sc̄is	sanctis
suis	suis
Ꝯseruauit	conseruauit
in	in
celis	celis
iħe	iehsus
xp̄c	christus
dn̄s	dominus
nost̄	noster
cui᷒	cuius
regnum	regnum
⁊	et
imꝑium	imperium
ꝑmanet	permanet
in	in
secul	secula
seculoꝝ	seculorum
amen	amen
De	De
auentu	aduentu
domini	domini
S͛mo	sermo
ol	ol
stetit	stetit
in	in
medio	medio
celi	celi
⁊	et
non	non
festinauit	festinauit
occumƀe	occumbere
spacio	spatio
diei	diei
unius	unius
Et	Et
si	si
antiqua	antiqua
ꝓdigia	prodigia
ad	ad
me	me
memoram	memoriam
reuocem᷒	reuocemus
uidelicet	uidelicet
ma	ma
gnalia	gnalia
que	que
fecit	fecit
đs	deus
in	in
egipto	egipto
mira	mira
biblia	bilia
que	que
oꝑatus	operatus
est	est
in	in
terra	terra
cham	cham
terribilia	terribilia
in	in
mari	mari
rubro	rubro
maiora	maiora
tamen	tamen
p̄sentis	presentis
temꝑis	temporis
uidem᷒	uidemus
mira	mirab
biblia	bilia
Ecce	Ecce
enim	enim
iuxta	iuxta
iheremie	iheremie
ua	ua
ticinium	ticinium
nouum	nouum
fecit	fecit
dn̄s	dominus
suꝑ	super
ter	ter
ram	ram
Quod	Quod
nouū	nouum
Res	res
mira	mira
res	res
in	in
audita	audita
fc̄m	factum
est	est
in	in
uirgine	uirgine
solsticium	solstitium
Non	non
loquor	loquor
mͦ	modo
illud	illud
solsticium	solsticium
nat᷑ale	naturale
cum	cum
sol	sol
iste	iste
uisibilis	uisibilis
gradu	gradu
reciꝓco	reciproco
a	a
noƀ	nobis
aūtitur	auertitur
uƚ	uel
ad	ad
nos	nos
Ꝯūtitur	conuertitur
non	non
illud	illud
solsticium	solstitium
miracƚi	miraculi
quod	quod
ad	ad
gabaon	gabaon
fc̄m	factum
est	est
uͥ	ubi
filiis	filiis
isrƚ	israel
pugnātibuz	pugnantibus
sole	sole
de	de
fixo	fixo
inmedio	inmedio
celi	celi
dies	dies
duplicata	duplicata
est	est
ut	ut
consequerent᷑	consequerentur
uictoriam	uictoriam
de	de
hostibz	hostibus
Sz	sed
illud	illud
loquor	loquor
solsticium	solstitium
ineffabile	ineffabile
quando	quando
đi	dei
filius	filius
sol	sol
iusticie	iusticie
int̄minus	interminus
⁊	et
īcompre	incompre
hensẹͥbilis	hensibilis
qͦdammͦ	quodammodo
se	se
comp̄hensibilem	comprehensibilem
fecit	fecit
⁊	et
diuinitatis	diuinitatis
sue	sue
maiestate	maiestate
qͣi	quasi
in	in
unum	unum
globum	globum
collecta	collecta
in	in
ut̄um	uterum
uͥginis	uirginis
comꝑaliter	corporaliter
se	se
infudit	infudit
Et	Et
ē	est
pͥmu	primum
sol	sol
sticium	stitium
nat᷑ale	naturale
scđm	secundum
miracƚi	miraculi
Quod	Quod
ue	ue
ro	ro
fcm̄	factum
est	est
in	in
uirgine	uirgine
solsticium	solstitium
ē	est
salutis	salutis
Congrua	congrua
autem	autem
fortassis	fortassis
similitudine	similitudine
incarnationem	incarnationem
ūbi	uerbi
solsticium	solstitium
appellaūim	appellauerim
qr	quia
sicut	sicut
sol	sol
iste	iste
uisibilis	uisibilis
dicit᷑	dicitur
solsticium	solstitium
fa	fa
cere	cere
q̄n	quando
noƀ	nobis
e	e
uicino	uicino
positus	positus
ad	ad
nos	nos
ampli᷒	amplius
accedere	accedere
n̄	non
potest	potest
sic	sic
đi	dei
filius	filius
sol	sol
iusticie	iusticie
solsticium	solsticium
fecit	fecit
quando	quando
nr̄am	nostram
nat᷑am	naturam
assu	assu
mendo	mendo
usqz	usque
a	a
deo	deo
eam	eam
sͥ	sibi
coniunxit	coniunxit
quod	quod
fc̄a	facta
unione	unione
dei	dei
⁊	et
hominis	hominis
ad	ad
ip̄am	ipsam
ampli᷒	amplius
appropinqͣre	appropinquare
n̄	non
potuit	potuit
Quomͦ	Quomodo
enim	enim
am	am
plius	plius
appropinqͣret	appropinquaret
qui	qui
⁊	et
dm̄	deum
hominē	hominem
⁊	et
hominem	hominem
đm	deum
fecit	fecit
Ista	Ista
gͦ	ergo
unio	unio
đi	dei
⁊	et
hominis	hominis
noƀ	nobis
siḡtata	significata
est	est
illo	illo
ūbo	uerbo
iosue	iosue
qð	quod
ꝓposui	proposui
Sol	sol
stetit	stetit
in	in
medio	medio
celi	celi
⁊c̄	etcetera
Cum	cum
celi	celi
nom̄	nomen
in	in
sacra	sacra
pagina	pagina
multis	multis
modis	modis
accipiat᷑	accipiatur
hoc	hoc
in	in
loco	loco
accipit᷑	accipitur
ꝓ	pro
p̄senti	presenti
eccƚia	ecclesia
hac	hac
similitudine	similitudine
quia	quia
sicut	sicut
celum	celum
et	et
he	he
reum	reum
fulget	fulget
⁊	et
ornatur	ornatur
uaria	uaria
distinctio	distinctio
ne	ne
planetarum	planetarum
⁊	et
syderum	syderum
ita	ita
p̄sens	presens
ecclesia	ecclesia
ornat᷑	ornatur
⁊	et
fulget	fulget
diūsis	diuersis
uirtutibz	uirtutibus
⁊	et
m̄itis	meritis
sc̄oum	sanctorum
unde	unde
ī	in
apocalipsi	apocalipsi
nomine	nomine
celi	celi
presens	presens
eccƚa	ecclesia
nomine	nomine
stellarum	stellarum
iuri	uiri
sc̄i	sancti
designant᷑	designantur
cum	cum
dicit᷑	dicitur
de	de
serpente	serpente
illo	illo
antiquo	antiquo
uidelicet	uidelicet
diabolo	diabolo
quia	quia
cauda	cauda
sua	sua
tͣhebat	trahebat
t̄ciam	tertiam
partem	partem
stellarum	stellarum
celi	celi
in	in
t̄ram	terram
Et	Et
alibi	alibi
fc̄m	factum
est	est
silenti	silenti
um	um
in	in
celo	celo
hora	hora
quasi	quasi
dimidia	dimidia
In	In
celo	celo
ħ	hoc
est	est
ī	in
presenti	presenti
eccƚia	ecclesia
Quia	Quia
enim	enim
in	in
ea	ea
hora	hora
integra	integra
i.	idest
Ꝯtinue	continue
n̄	non
potest	potest
haberi	haberi
silentium	silentium
contemplationis	contemplationis
p̄p	propter
uarias	uarias
temptationes	temptationes
que	que
animi	animi
qͥe	quie
tem	tem
impediunt	impediunt
in̄	inde
dr̄	dicitur
fc̄m	factum
ē	est
silenti	silenti
um	um
in	in
celo	celo
quasi	quasi
hora	hora
dimidia	dimidia
quͥa	quia
⁊	et
si	si
n̄	non
semꝑ	semper
int̄dum	interdum
tn̄	tamen
sc̄a	sancta
ec	ec
cƚia	clesia
ꝑ	per
celeste	celeste
desiđium	desiderium
sursum	sursum
eleua	eleua
tur	tur
Medium	medium
autē	autem
hui᷒	huius
celi	celi
fuit	fuit
be	be
ata	ata
uirgo	uirgo
maria	maria
que	que
inter	inter
legem	legem
⁊	etgratiam
gr̄amquasi	quasi
limes	limes
quidam	quidam
medius	medius
constituta	constituta
solem	solem
iusticie	iusticie
uidelicet	uidelicet
dī	dei
filium	filium
ins	in
e	se
concepit	concepit
qꝛ	quia
cognitio	cognitio
nis	nis
sue	sue
radios	radios
ad	ad
utrumqz	utrunque
ppƚm	populum
i.	idest
tam	tam
iudeos	iudeos
⁊	et
gentiles	gentiles
emittetet	emitteret
Est	Est
gͥ	igitur
sol	sol
xp̄c	christus
Celum	celum
presens	presens
eccƚia	ecclesia
Medium	medium
celi	celi
beata	beata
uirgo	uirgo
maria	maria
solsti	solsti
cium	cium
ūbum	uerbum
īcarnatum	incarnatum
hui᷒	huius
aūt	autem
solis	solis
iusticie	iustitie
duo	duo
signa	signa
solsticialia	solsticialia
possumus	possumus
assignare	assignare
pͥmum	primum
euam	euam
scđm	secundum
beatam	beatam
uͥginem	uirginem
mariam	mariam
Eua	Eua
peccatrix	peccatrix
ꝑ	per
quam	quam
mors	mors
intra	intra
uit	uit
ī	in
mundum	mundum
que	que
fuit	fuit
ianua	ianua
ꝑ	per
ditionis	ditionis
signum	signum
fuit	fuit
solsticii	solstitii
hye	hye
malis	malis
qꝛ	quia
ꝑ	per
ip̄am	ipsam
nocte	nocte
pecc̄i	peccati
ꝓlonga	prolonga
ta	ta
sol	sol
iusticie	iustitie
a	a
noƀ	nobis
longius	longius
reces	reces
sit	sit
beata	Beata
uirgo	uirgo
maria	maria
signum	signum
fuit	fuit
solsticii	solstitii
estiualis	estiualis
quia	quia
in	in
ip̄a	ipsa
rediuiuo	rediuiuo
quodam	quodam
calore	calore
gr̄e	gratie
sol	sol
iu	iu
sticie	stitie
ad	ad
nos	nos
appropinquauit	appropinquauit
Int̄	Inter
hec	hec
autem	autem
dico	dico
signa	signa
uidelicet	uidelicet
euā	euam
⁊	et
beatam	beatam
uirginem	uirginem
mariam	mariam
sol	sol
iusticie	iustitie
quem	quem
diximus	diximus
ꝑ	per
mun	mun
di	di
huius	huius
cursum	cursum
paulatim	paulatim
ra	ra
dios	dios
sue	sue
cognitionis	cognitionis
effudit	effudit
dū	dum
aliis	aliis
ꝑ	per
inspirationē	inspirationem
aliis	aliis
ꝑ	per
uisio	uisio
nes	nes
aliis	aliis
ꝑ	per
subiectam	subiectam
creatͣam	creaturam
aliis	aliis
modis	modis
aliis	aliis
se	se
ip̄m	ipsum
notum	notum
p	p
138	138
uis	uis
capere	capere
an	an
xp̄c	christus
in	in
te	te
habitet	habitet
considera	considera
si	si
p̄ualent	preualent
in	in
te	te
affectiones	affectiones
praue	praue
si	si
facis	facis
curā	curam
carnis	carnis
in	in
desiđiis	desideriis
quia	quia
si	si
hui᷒modi	huiusmodi
passionibz	passionibus
subiectus	subiectus
es	es
xp̄m	christum
quem	quem
hospitem	hospitem
susceꝑas	susceperas
in	in
tui	tui
ipsius	ipsius
confusionem	confusionem
de	de
domo	domo
tua	tua
expulisti	expulisti
Econtͣ	Econtra
xp̄c	christus
habitans	habitans
in	in
corde	corde
tuo	tuo
comites	comites
suos	suos
ħt	habet
qui	qui
sunt	sunt
pax	pax
patientia	patientia
caritas	caritas
longanimitas	longanimitas
benig	benig
nitas	nitas
bonitas	bonitas
continentia	continentia
castitas	castitas
⁊	et
cet̄e	cetere
uirtutes	uirtutes
que	que
testante	testante
paulo	paulo
ad	ad
fructum	fructum
sp̄c	spiritus
ꝑtinent	pertinent
quas	quas
si	si
habueris	habueris
xp̄c	christus
in	in
te	te
ħt	habet
mansionem	manssionem
⁊	et
cum	cum
istis	istis
tecum	tecum
ꝑseūat	perseuerat
usqz	usque
ad	ad
Ꝯsummationē	consummationem
uite	uite
ut	ut
cui	cui
in	in
p̄senti	presenti
uita	uita
tu	tu
parasti	parasti
mansionem	mansionem
ip̄e	ipse
in	in
fut᷑a	futura
tibi	tibi
largiat᷑	largiatur
et̄nam	eternam
beatitudinem	beatitudinem
quam	quam
noƀ	nobis
prestare	prestare
dignet᷑	dignetur
iħc	iehsus
xp̄c	christus
dominus	dominus
noster	noster
ameN	amen
In	In
Epiphania	epiphania
domini	domini
odierne	odierne
sollempnitatis	sollempnitatis
iubemur	iubemur
eminentia	eminentia
festiuis	festiuis
occurrere	occurrere
gaudiis	gaudiis
regi	regi
nr̄o	nostro
adhuc	adhuc
paruulo	paruulo
⁊	et
delica	delica
to	to
sz	sed
⁊	et
magnifica	magnifica
preparare	preparare
mun̄a	munera
que	que
n̄	non
deceant	deceant
etatem	etatem
ip̄ius	ipsius
paruulam	paruulam
uerum	uerum
etiam	etiam
diuinam	diuinam
in	in
ip̄o	ipso
manentē	manentem
maiesta	maiesta
tem	tem
Et	Et
quidem	quidem
debitores	debitores
sumus	sumus
tale	tale
ei	ei
seruitutis	seruitutis
obseqͥum	obsequium
impendere	impendere
q̄m	quoniam
ip̄e	ipse
p̄uenit	preuenit
nos	nos
ī	in
benedictionibz	benedictionibus
dulcedinis	dulcedinis
prior	prior
ipse	ipse
nobis	nobis
offerens	offerens
⁊	et
largiens	largiens
mu	mu
nera	nera
ut	ut
tali	tali
liƀalitate	liberalitate
piis	piis
mentibz	mentibus
su	su
um	um
affectum	affectum
cōmendaret	commendaret
Quod	Quod
euident̄	euidenter
ostendit᷑	ostenditur
si	si
diei	diei
isti᷒	istius
que	que
epiphania	epiphania
dicitur	dicitur
aliarumqz	aliarumque
sollempnitatū	sollempnitatum
quas	quas
iam	iam
p̄t̄itas	preteritas
recolimus	recolimus
i.	idest
natalis	natalis
⁊	et
circuncisio	circuncisio
nis	nis
beneficia	beneficia
uelimus	uelimus
intueriDie	intueri
siqͥ	Die
dem	siquidem
sue	sue
natiuitatis	natiuitatis
mun᷒	munus
pauꝑtatis	paupertatis
nobis	nobis
contulit	contulit
xp̄c	christus
qua	qua
pauꝑ	pauper
⁊	et
modic᷒	modicus
huic	huic
mundo	mundo
natus	natus
non	non
habuit	habuit
uͥ	ubi
capð	capud
suum	suum
reclinaret	reclinaret
Die	Die
cͥcumcisionis	circuncisionis
sue	sue
munus	munus
infirmitatis	infirmitatis
sue	sue
noƀ	nobis
contulit	contulit
dum	dum
ip̄e	ipse
signaculo	signaculo
cͥcumcisionis	circuncisionis
p̄eceptū	preceptum
legis	legis
implens	implens
ꝑ	per
exꝑientiam	experientiam
dolores	dolores
⁊	et
angustias	angustias
humane	humane
infirmitatis	infirmitatis
in	in
carne	carne
sua	sua
sustinuit	sustinuit
Die	Die
hodierna	hodierna
mun᷒	munus
humilita	humilita
tis	tis
noƀ	nobis
exhibuit	exhibuit
qn̄	quando
ipse	ipse
rex	rex
celoꝝ	celorum
⁊	et
domin᷒	dominus
seruo	seruo
suo	suo
ioħi	iohani
in	in
tm̄	tame
humiliatus	humiliatus
ē	est
ut	ut
sa	sacramentum
cram̄tum	baptismi
bap̄i	ab
abeo	eo
susciꝑe	suscipere
dignat᷒	dignatus
sit	sit
uideamus	uideamus
iam	iam
tͥa	tria
dona	dona
quibz	quibus
xp̄c	christus
ad	ad
nos	nos
ueniens	ueniens
sue	sue
asscͥptos	asscriptos
militie	militie
uoluit	uoluit
locu	locu
pletare	pletare
uideƚ	uidelicet
pauꝑtatem	paupertatem
infirmitatem	infirmitatem
humilitatem	humilitatem
Ecce	Ecce
parata	parata
sunt	sunt
stipendia	stipendia
sz	sed
iam	iam
ꝓdeat	prodeat
ī	in
medium	medium
bonus	bonus
xp̄i	christi
imitator	imitator
⁊	et
amator	amator
pauꝑtatis	paupertatis
qui	qui
non	non
uult	uult
ha	ha
bere	bere
pradia	predia
uel	uel
mancipia	mancipia
n̄	non
aministtͣi	administrati
ones	ones
uƚ	uel
dignitates	dignitates
qui	qui
diuitias	diuitias
habitasᷤ	habitas
abicit	abicit
oblatas	oblatas
Ꝯtempnit	contempnit
ꝓcedat	procedat
inquam	inquam
ī	in
medium	medium
⁊	et
suscipiat	suscipiat
munus	munus
illud	illud
gƚosum	gloriosum
pauꝑtatis	paupertatis
oblatum	oblatum
sͥ	sibi
a	a
domino	domino
Sz	sed
n̄	non
est	est
qui	qui
titƚo	titulo
paupertatis	paupertatis
suo	suo
regi	regi
uelit	uelit
militare	militare
eo	eo
ꝙ	quod
ignominͥosum	ignominiosum
qui	qui
uis	uis
estimet	estimet
c̄	cum
xp̄o	christo
pannis	pannis
inuolui	inuolui
⁊	et
urgente	urgente
inopia	inopia
re	reclinari
clinari	in
inpresepe	presepe
domini	domini
đi	dei
sui	sui
Nunc	nunc
saltem	saltem
īueniatur	inueniatur
aliquis	aliquis
amator	amator
īfirmitatis	infirmitatis
qͣm	quam
xp̄c	christus
ꝓ	pro
noƀ	nobis
uoluit	uoluit
susciꝑe	suscipere
qͥ	qui
ꝓ	pro
no	no
mine	mine
eius	eius
dolores	dolores
⁊	et
angustias	angustias
libenter	libenter
sustineat	sustineat
famem	famem
⁊	et
sitim	sitim
labores	labores
⁊	et
ꝑicula	pericula
qui	qui
contumeliis	contumeliis
affectus	affectus
maledictioni	maledictioni
n̄	non
respondeat	respondeat
⁊	et
quibzlibet	quibuslibet
iniuriis	iniuriis
scu	scu
tum	tum
patientie	patientie
opponat	opponat
qꝛ	quia
in	in
his	his
om̄ibz	omnibus
strenuitas	strenuitas
apparet	apparet
serui	serui
dn̄m	dominum
suum	suum
qͥ	qui
hec	hec
om̄ia	omnia
fecit	fecit
fidelit̄	fideliter
imitantis	imitantis
Et	Et
certe	certe
omnes	omnes
manus	manus
suas	suas
ab	ab
hoc	hoc
munere	munere
ex	ex
cutiunt	cutiunt
quia	quia
plus	plus
uidetur	uidetur
afferre	afferre
honeris	honeris
quam	quam
honoris	honoris
at	at
p̄cipuum	precipuum
illud	illud
humilitatis	humilitatis
donum	donum
quod	quod
t̄cium	tertium
ī	in
numero	numero
diximus	diximus
aliquis	aliquis
deuotus	deuotus
suscipiet	suscipiet
eo	eo
ꝙ	quod
ꝑ	per
illud	illud
fiat	fiat
homo	homo
carus	carus
deo	deo
⁊	et
hominibz	hominibus
dum	dum
s.	scilicet
humiliatur	humiliatur
sub	sub
potenti	potenti
manu	manu
dei	dei
subiectus	subiectus
omni	omni
humane	humane
creature	creature
ꝓpt̄	propter
ip̄m	ipsum
dum	dum
uult	uult
ministrare	ministrare
omnibz	omnibus
⁊	et
anullo	anullo
minist̄ium	ministerium
accipere	accipere
eligens	eligens
abiectus	abiectus
eē	esse
in	in
domo	domo
dei	dei
magis	magis
qͣm	quam
regnare	regnare
in	in
taƀnaculis	tabernaculis
peccatorum	peccatorum
Sz	sed
nec	nec
hui᷒	huius
muneris	muneris
aliquis	aliquis
apparet	apparet
cupidus	cupidus
eo	eo
qð	quod
humane	humane
fecis	fecis
habeat	habeat
in	in
se	se
miseriam	miseriam
elationis	elationis
poti᷒	potius
quam	quam
sƀiectionis	subiectionis
amorē	amorem
nec	nec
sit	sit
aliquis	aliquis
qui	qui
cum	cum
xp̄o	christo
ministrare	ministrare
uelit	uelit
dummodo	dummodo
maior	maior
cet̄is	ceteris
possit	possit
estimari	estimari
liquet	liquet
ut	ut
ar	ar
bitror	bitror
multos	multos
eē	esse
huius	huius
regis	regis
ministros	ministros
si	si
ad	ad
diuitias	diuitias
⁊	et
honores	honores
mundiqz	mundique
huius	huius
de	de
lectationes	lectationes
inuitentur᷑	inuitentur
sz	sed
paucos	paucos
ad	ad
modum	modum
si	si
ad	ad
miserias	miserias
⁊	et
dolores	dolores
⁊	et
ad	ad
queqz	queque
abiecta	abiecta
ꝓ	pro
nomine	nomine
ipsius	ipsius
sustinenda	sustinenda
fūint	fuerint
inuita	inuita
ti	ti
Nimirum	nimirum
ū	si
sit	sit
qui	qui
acuto	acuto
intuitu	intuitu
de	de
fectus	fectus
humanos	humanos
uelit	uelit
respicere	respicere
qꝛ	quia
sicut	sicut
fundam̄to	fundamento
existente	existente
infirmo	infirmo
tota	tota
ruit	ruit
fa	fa
brica	brica
sic	sic
conscientia	conscientia
languente	languente
ext̄ioris	exterioris
cō	con
uersationis	uersationis
oꝑa	opera
praua	praua
ad	admodum
modum	sunt
suntƚ	uel
omnino	omnino
infructuosa	infructuosa
Respiciamus	respiciamus
nūc	nunc
ad	ad
radicem	radicem
arboris	arboris
qua	qua
uiridi	uiridi
⁊	et
incolumi	incolumi
existente	existente
stipes	stipes
ipsius	ipsius
robustus	robustus
rami	rami
exten	exten
si	si
densa	densa
folia	folia
apparent	apparent
sz	sed
et	et
flores	flores
⁊	et
fructus	fructus
idonei	idonei
ex	ex
ip̄a	ipsa
ꝓueniunt	proueniunt
tempore	tempore
oportu	oportu
no	no
Quod	Quod
si	si
radicem	radicem
aridam	aridam
habūit	habuerit
trun	trun
cus	cus
arboris	arboris
stat	stat
inutilis	inutilis
rami	rami
sine	sine
foliis	foliis
⁊	et
exsiccati	exsiccati
sine	sine
spe	spe
florum	florum
⁊	et
fructus	fructus
ꝓuen	prouen
turi	turi
ut	ut
aūt	autem
simile	simile
quod	quod
induximus	induximus
nobis	nobis
ad	ad
aptemus	aptemus
bona	bona
radix	radix
bona	bona
est	est
cō	con
scientia	scientia
infirma	infirma
radix	radix
infirma	infirma
cōscīa	conscientia
hec	hec
dm̄	deum
suꝑ	super
omnia	omnia
illa	illa
mūdum	mundum
su	su
ꝑ	per
omnia	omnia
diligit	diligit
Infirme	Infirme
uel	uel
conscien	conscien
tie	tie
offer	offer
pauꝑtatem	paupertatem
sz	sed
eam	eam
n̄	non
suscipit	suscipit
qꝛ	quia
amor	amor
mundi	mundi
⁊	et
pauꝑtas	paupertas
n̄	non
Ꝯueniunt	conueniunt
nͨ	nec
dolores	dolores
⁊	et
miserias	miserias
amplectit᷑	amplectitur
quia	quia
a	a
matores	matores
mundi	mundi
ista	ista
n̄	non
appetunt	appetunt
Rursus	rursus
infirma	infirma
Ꝯscīa	conscientia
humilitatem	humilitatem
abicit	abiicit
qꝛ	quia
ī	in
mundo	mundo
uulͭ	uult
apparere	apparere
sublimiᷤ	sublimis
ecōtra	econtra
bona	bona
conscīa	conscientia
paup̄tatē	paupertatem
appetit	appetit
quia	quia
eius	eius
desiđium	desiderium
n̄	non
in	in
diuitiis	diuitiis
sz	sed
in	in
deo	deo
est	est
amat	amat
labores	labores
⁊	et
molestias	molestias
ferre	ferre
propt̄	propter
deum	deum
qꝛ	quia
n̄	non
requiem	requiem
q̄rit	querit
homi	homi
num	num
sz	sed
eam	eam
que	que
in	in
deo	deo
est	est
amat	amat
etiā	etiam
humilitatem	humilitatem
quia	quia
hec	hec
est	est
uia	uia
que	que
ad	ad
deum	deum
ducit	ducit
⁊	et
que	que
ex	ex
deo	deo
est	est
Ergo	Ergo
ad	ad
hoc	hoc
ut	ut
diligamus	diligamus
dona	dona
illa	illa
que	que
redemptor	redemptor
nost̄	noster
noƀ	nobis
p̄sentauit	presentauit
necc̄m	necessarium
ē	est
ut	ut
puram	puram
habeamus	habeamus
Ꝯscīam	conscientiam
qꝛ	quia
talis	talis
ē	est
radix	radix
talis	talis
est	est
fructus	fructus
⁊	et
qualis	qualis
Ꝯscientiatale	conscientia
opus	tale
Munda	opus
Ꝯscīa	munda
nūqͣ	conscientia
op᷒	nunquam
paruū	opus
fac̄	prauum
ī	facit
firma	infirma
Ꝯ̄scīa	conscientia
nūqͣ	nunquam
op᷒	opus
magnū	magnum
fac̄	facit
qꝛ	quia
⁊	et
si	si
magna	magna
uideat᷑	uideatur
facere	facere
magna	magna
tn̄	tamen
non	non
sunt	sunt
eo	eo
quod	quod
n̄	non
bono	bono
a	a
nimo	nimo
nͨ	nec
bona	bona
intentione	intentione
fiant	fiant
Deus	Deus
aūt	autem
pensat	pensat
poti᷒	potius
affectum	affectum
quam	quam
censū	censum
Sicut	sicut
scͥptum	scriptum
est	est
hinc	hinc
ē	est
quod	quod
ī	in
uinea	uinea
domini	domini
que	que
ē	est
eccƚia	ecclesia
multi	multi
multum	multum
laborant	laborant
multas	multas
faciunt	faciunt
elemosinas	elemosinas
pegͥnationes	peregrinationes
or̄ones	orationes
⁊	et
ieiunia	ieiunia
⁊	et
tam̄	tamen
parum	parum
ꝓficiunt	proficiunt
alii	alii
parum	parum
laborant	laborant
pauca	pauca
foris	foris
faciunt	faciunt
⁊	et
tam̄	tamen
quia	quia
mundi	mundi
corde	corde
sunt	sunt
multum	multum
ꝓficiunt	proficiunt
⁊	et
ut	ut
ex	ex
pressͥus	pressius
dicam	dicam
quod	quod
sentio	sentio
multi	multi
glori	glori
antes	antes
in	in
oꝑibz	operibus
suis	suis
magis	magis
in	in
ꝓfundum	profundum
inferni	inferni
demersi	demersi
sun	sunt
eo	eo
quod	quod
oꝑum	operum
apparentiam	apparentiam
magis	magis
qͣm	quam
munditiam	munditiam
con	con
scientie	scientie
fūint	fuerint
secuti	secuti
Ip̄a	Ipsa
enim	enim
puritas	puritas
conscīe	conscientie
apotheca	apotheca
ē	est
uͥtutum	uirtutum
⁊	et
bonorum	bonorum
oꝑum	operum
de	de
qua	qua
omnis	omnis
qͥ	qui
deo	deo
uult	uult
placē	placere
dona	dona
debet	debet
ꝓferre	proferre
ī	in
obseqͥum	obsequium
illi᷒	illius
De	De
qua	qua
etiam	etiam
hodie	hodie
tres	tres
magi	magi
siue	siue
reges	reges
qui	qui
nato	nato
domino	domino
pͥmitias	primitias
sp̄c	spiritus
acceperunt	acceperunt
uenientes	uenientes
ab	ab
oriente	oriente
aurum	aurum
thus	thus
⁊	et
myrrā	myrrham
obtulerunt	obtulerunt
nobisqz	nobisque
eadem	eadem
off̄enda	offerenda
deo	deo
docuerunt	docuerunt
qm̄	quoniam
n̄	non
est	est
ignobile	ignobile
exēplum	exemplum
qð	quod
regia	regia
auctoritate	autoritate
noƀ	nobis
est	est
Ꝯmendatū	commendatum
obtulerunt	obtulerunt
inqͣm	inquam
aurum	aurum
p̄ciose	preciose
uolun	uolun
tatis	tatis
thus	thus
deuotae	deuote
or̄onis	orationis
Mirrā	mirram
labori	labori
ose	ose
actionis	actionis
hec	hec
enim	enim
tͥa	tria
ꝑ	per
t̄na	trina
dona	dona
que	que
diximus	diximus
hac	hac
ratione	ratione
ītelligunt᷑	intelliguntur
aurū	aurum
enim	enim
fulget	fulget
thus	thus
redolet	redolet
Myrra	myrra
ē	est
ama	ama
ra	ra
Ergo	Ergo
ꝑ	per
aurum	aurum
recta	recta
uoluntas	uoluntas
siḡcatur	significatur
propt̄	propter
ignem	ignem
in	in
ea	ea
lucentis	lucentis
caritatis	caritatis
p̄	per
thuᷤ	thus
oratio	oratio
propt̄	propter
odorem	odorem
siue	siue
affectū	affectum
deuot̄onis	deuotionis
p	p
240	240
maris	maris
ambulant	ambulant
dū	dum
xp̄i	christi
pauꝑes	pauperes
elationem	elationem
mundane	mundane
glorie	glorie
Ꝯtempt᷒	contemptus
pede	pede
cō	con
culcant	culcant
hinc	hinc
etiam	etiam
ꝑsalmistā	psalmtam
d᷑r	dicitur
Qͥ	Qui
ponis	ponis
nubem	nubem
ascensū	ascensum
tuū	tuum
qͥ	qui
ambulas	ambulas
suꝑ	super
pennas	pennas
uentoꝝ	uentorum
Nubes	nubes
st̄	sunt
uͥi	uiri
i᷒ti	iusti
qͥ	qui
dū	dum
uariis	uariis
molestiis	molestiis
Ꝯcuciunt᷑	concuciuntur
quasi	quasi
nubes	nubes
turbinibz	turbinibus
agitant᷑	agitantur
uenti	uenti
sunt	sunt
potūtes	potentes
hui᷒	huius
seculi	seculi
qui	qui
dū	dum
contͣ	contra
istos	iustos
grauit̄	grauiter
ꝑ	perstrepunt
strepunttāmqͣm	tamquam
uenti	uenti
domū	domum
supra	supra
fir	fir
mam	mam
petram	petram
fundatā	fundatam
impellunt	impellunt
hoꝝ	horum
uentoꝝ	uentorum
penne	penne
sunt	sunt
temꝑaliū	temporalium
habun	habun
dancie	dantie
dn̄s	dominus
gͥ	igitur
nubem	nubem
ascendit	ascendit
⁊	et
pēnas	pennas
uentoꝝ	uentorum
tͣnscendit	transcendit
dum	dum
xp̄i	christi
pauꝑ	pauper
qͥ	qui
sp̄c	spiritus
s.	scilicet
uehicƚm	uehiculum
est	est
temꝑalia	temporalia
Ꝯtempnit	contempnit
ad	ad
idem	idem
etiam	etiam
elegant̄	eleganter
potest	potest
referri	referri
quod	quod
in	in
libro	libro
sapientie	sapientie
scͥptum	scriptum
est	est
fulgebunt	fulgebunt
iusti	iusti
⁊	et
tamqͣm	tamquam
iusti	iusti
scintil	scintil
le	le
marūdineto	marendineto
discurrent	discurrent
qͣmqͣm	quamquam
destatu	destatu
futuro	futuro
plane	plane
possit	possit
intelligi	intelligi
qn̄	quando
stabunt	stabunt
iusti	iusti
ī	in
magna	magna
Ꝯstantia	constantia
adūsus	aduersus
eos	eos
qͥ	qui
se	se
angustiaūunt	angustiauerunt
⁊	et
abstulert̄	abstulerunt
labores	labores
eoꝝ	eorum
q̄n	quando
iudicabunt	iudicabunt
nationes	nationes
qn̄	quando
ad	ad
implebit᷑	implebitur
illud	illud
malachie	malachie
Egredi	Egredi
emini	emini
⁊	et
salietis	salietis
tamqͣm	tamquam
uituli	uituli
de	de
armento	armento
⁊	et
calcabitis	calcabitis
impios	impios
cum	cum
fūint	fuerint
cinis	cinis
sub	sub
planta	planta
pedum	pedum
ur̄oꝝ	uestrorum
qn̄	quando
etiā	etiam
ad	ad
implebit᷑	implebitur
illudysaie	illud
Egredient᷑	ysaie
⁊	Egredientur
uidebunt	etuidebunt
cadaūa	cadauera
uiroꝝ	uirorum
qͥ	qui
p̄uaricati	preuaricati
sunt	sunt
ī	in
me	me
ūmis	uermis
eoꝝ	eorum
n̄	non
moriet᷑	morietur
⁊	et
ignis	ignis
eoꝝ	eorum
n̄	non
extinget᷑	extinguetur
In	In
p̄senti	presenti
etiā	etiam
iusti	iusti
tāqͣm	tamquam
scintille	scintille
inarundineto	inarundineto
discurrūt	discurrunt
Scintille	scintille
sunt	sunt
qꝛ	quia
⁊	et
ī	in
humilitate	humilitate
st̄	sunt
mo	mo
dici	dici
⁊	et
toti	toti
flāma	flamma
uirtutū	uirtutum
accensi	accensi
hee	hee
sunt	sunt
scintille	scintille
hui᷒	huius
ignis	ignis
qͤm	quemdominusuenit
dn̄s	mittere
uenit	in
mitt̄e	terram
int̄ramqͦ	quo
psalmista	psalmista
renes	renes
suos	suos
⁊	et
cor	cor
exuri	exuri
uoluit	uoluit
quo	quo
⁊	et
nos	nos
renes	renos
nostros	nostros
⁊	et
corda	corda
nr̄a	nostra
petim᷒	petimus
inflamari	inflamari
ut	ut
deo	deo
casto	casto
corꝑe	corpore
⁊	et
mundo	mundo
corde	corde
placeam᷒	placeamus
tales	tales
scintillas	scintillas
Ꝯspexit	conspexit
ezechiel	ezechiel
cū	cum
dix̄	dixit
aspectus	aspectus
eoꝝ	eorum
quasi	quasi
eris	eris
ardentis	ardentis
ha	ha
rundo	rundo
ē	est
sublimitas	sublimitas
t̄rena	terrena
que	que
foris	foris
qͥdem	quidem
est	est
ꝑspicua	perspicua
sz	sed
nichil	nichil
soliditatis	solitudinis
ħt	habet
intus	intus
inspecta	inspecta
un̄	unde
in	in
libro	libro
sapīe	sapientie
spes	spes
impioꝝ	impiorum
legit᷑	legitur
uacua	uacua
Spes	spes
autem	autem
iustoꝝ	iustorum
in	in
morte	morte
plena	plena
baculum	baculum
gͥ	igitur
arundineū	arundineum
sue	sue
ruine	ruine
opponit	opponit
qͥ	qui
de	de
rei	rei
temporaƚ	temporalis
sustentatōne	sustentatione
confidit	confidit
talē	talem
harundinē	harundinem
dn̄s	dominus
intellegit	intelligit
cum	cum
ꝑ	per
be	be
atum	atum
iob	iob
de	de
uehemot	uehemot
loquens	loquens
ait	ait
sƀ	sub
umbra	umbra
dormit	dormit
in	in
secreto	secreto
calami	calami
in	in
lo	lo
cis	cis
hum̄tibz	humentibus
malign᷒	malignus
enī	enim
sp̄c	spiritus
eoꝝ	eorum
corda	corda
ī	in
concusse	concusse
possidet	possidet
quoꝝ	quorum
studia	studia
adtēporaliū	adtemporalium
appetitū	appetitum
Ꝯmouet	commouet
Dū	Dum
itaqz	itaque
uiri	uiri
sc̄i	sancti
cogitatōne	cogitatione
omīa	omnia
t̄rena	terrena
ꝑcurrunt	percurrunt
⁊	et
in	in
eis	eis
nichil	nichil
nͥ	nisi
uanitatē	uanitatem
attendunt	attendunt
tanqͣm	tamquam
ī	in
arundineto	arundineto
discurrt̄	discurrunt
⁊	et
illud	illud
ī	in
fauillam	fauillam
redigunt	redigunt
⁊	et
sue	sue
cōsiðatiōnis	considerationis
igne	igne
de	de
pascunt	pascunt
hinc	hinc
ē	est
ꝙ	quod
ī	in
genesy	genesy
scͥptum	scriptum
ē	est
habraham	habraham
ma	ma
ne	ne
Ꝯsurgens	consurgens
uͥ	ubi
stet̄at	steterat
pͥus	prius
coram	coram
dn̄o	domino
intuit᷒	intuitus
sodomā	sodomam
⁊	et
gomorrā	gomorram
⁊	et
uniūsā	uniuersam
t̄ram	terram
regionis	regionis
illius	illius
⁊	et
uidit	uidit
ascendentē	ascendentem
fauillam	fauillam
de	de
t̄ra	terra
quasi	quasi
fornacis	fornacis
fum᷒	fumus
ꝑ	per
sodomā	sodomam
⁊	et
gomorrā	gomorram
hoc	hoc
loco	loco
mūdi	mundi
amatores	amatores
luxuria	luxuria
fetentes	ferentes
intelligi	intelligi
mus	mus
⁊	et
cupiditatis	cupiditatis
igne	igne
estuantes	estuantes
Sz	sed
de	de
t̄ra	terra
illa	illa
nichil	nichil
nͥ	nisi
fum᷒	fumus
fornacis	fornacis
ascendit	ascendit
qꝛ	quia
temporaƚ	temporalis
gƚia	gloria
que	que
decu	decu
piditatis	piditatum
fornace	fornace
ꝓcedit	procedit
in	in
se	se
uƚut	uelut
fumus	fumus
ascendens	ascendens
deficit	deficit
hunc	hunc
tam̄	tamen
n̄	non
attendit	attendit
nͥ	nisi
qͥ	qui
mane	mane
consurgit	consurgit
⁊	et
sic	sic
lo	lo
co	co
stat	stat
ubi	ubi
pͥus	prius
coram	coram
dn̄o	domino
steterat	stecerat
uelocem	uelocem
enim	enim
mundanoꝝ	mundanorum
tͣnsitū	transitum
ille	ille
solus	solus
considerat	considerat
qui	qui
celestis	celestis
gr̄e	gratie
radiis	radiis
illustrans	illustratis
tͣnseuntia	transeuntia
ꝑma	perma
nenciū	nentium
colƚone	collatione
diiudicat	diiudicat
Scintilla	scintilla
ī	in
arundineto	arundineto
discurrens	discurrens
fuit	fuit
beat᷒	beatus
aug᷒tin᷒	augustinus
cum	cum
dixit	dixit
Nōne	nonne
omīa	omnia
tēporalia	temporalia
fum᷒	summus
⁊	et
uentus	uentus
ue	ue
hiis	hiis
qui	qui
heserunt	heserunt
tͣnseuntibz	transeuntibus
qꝛ	quia
simul	simul
tͣnse	transe
unt	unt
nōne	nonne
omīa	omnia
qͣsi	quasi
fluui᷒	fluuius
p̄ceps	preceps
currēs	currens
in	in
mare	mare
ue	ue
illi	illi
qui	qui
ceciðit	ceciderit
qm̄	quoniam
ī	in
mare	mare
tͣhetur	trahetur
audisti	audisti
qualit̄	qualiter
sc̄i	sancti
pauꝑtatis	paupertatis
morem	morem
obseruent	obseruent
ī	in
rerum	rerum
abditͣione	abditatione
obseruent	obseruant
etiam	etiam
in	in
sp̄c	spiritus
Ꝯtͥtione	contritione
scitis	scitis
ꝙ	quod
res	res
que	que
cont̄it᷑	contritur
freq̄nti	frequenti
ꝑcussione	percussione
tundit᷑	tunditur
⁊	et
paulatī	paulatim
atͥta	atrita
Ꝯminuit᷑	comminuitur
sp̄m	spiritum
gͥ	igitur
Ꝯtͥtum	contribulatum
⁊	et
humiliatū	humilitatum
ħt	habet
uir	uir
iustus	iustus
qꝛ	quia
curarū	curarum
instantiam	instantiam
sentit	sentit
⁊	et
ne	ne
suꝑbiendo	superbiendo
grandescat	grandescat
humilitatis	humilitatis
se	se
mola	mola
cōminuit	comminuit
hac	hac
mola	mola
se	se
Ꝯminuit	comminuit
⁊	et
inpulūem	inpuluerem
redegit	redegit
habrahā	habraham
⁊	et
dixit	dixit
loqͣr	loquar
ad	ad
dn̄m	dominum
meū	meum
cū	cum
sim	sim
cinis	cinis
⁊	et
puluis	puluis
sp̄c	spiritus
gͥ	igitur
contͥtio	contritio
consistit	consistit
in	in
duobz	duobus
s.	scilicet
cārum	curarum
Ꝯtͥtione	contritione
⁊	et
in	in
suꝑbe	superbe
p̄sumptōnis	presumptionis
rep̄ssione	repressione
uariam	uariam
scōꝝ	sanctorum
sollicitudinē	sollicitudinem
declarat	declarat
apƚc	apostolus
usqz	usque
in	in
hanc	hanc
horam	horam
⁊	et
esurimus	esurimus
⁊	et
sitim᷒	sitimus
⁊	et
nudi	nudi
sumus	sumus
⁊	et
colafis	colafis
cedim᷑	cedimur
⁊	et
instabiles	instabiles
sumus	sumus
⁊	et
laboramus	laboramus
oꝑantes	operantes
manibz	manibus
nor̄is	nostris
blasfemam᷑	blasfemamur
⁊	et
obsecram᷒	obsecramus
tamqͣm	tamquam
purgam̄ta	purgamenta
hui᷒	huius
mundi	mundi
fc̄i	facti
sum᷒	sumus
⁊	et
oīum	omnium
ꝑipsima	peripsima
Rerū	rerum
etiam	etiam
abdicationem	abdicationem
⁊	et
sp̄c	spiritus
contͥtionē	contritionem
simul	simul
expͥmit	exprimit
loquens	loquens
de	de
se	se
ip̄o	ipso
sac̄dotibz	sacerdotibus
ephesioꝝ	ephesiorum
ū	ut
le	le
gitur	gitur
in	in
actibz	actibus
apƚoꝝ	apostolorum
argentū	argentum
⁊	et
aurū	aurum
aū	autem
uestem	uestem
nulli᷒	nullius
concupiui	concupiui
ip̄i	ipsi
scitis	scitis
qm̄	quoniam
ad	ad
ea	ea
que	que
mͥ	mihi
opus	opus
sunt	sunt
⁊	et
hiis	hiis
qui	qui
mecum	mecum
sunt	sunt
ministͣuer̄t	ministrauerunt
manus	manus
iste	iste
omīa	omnia
ostendi	ostendi
uoƀ	uobis
q̄madmodū	quamadmodum
oꝑͦteat	oporteat
laborantes	laborantes
infirmos	infirmos
susciꝑe	suscipere
ac	ac
meminisse	meminisse
ūbi	uerbi
dn̄i	domini
ꝙ	quod
dixit	dixit
beatius	Beatius
ē	est
maḡ	magis
dare	dare
qͣm	quam
acciꝑe	accipere
tribulatōnem	tribulationem
etiam	etiam
sc̄orum	sanctorum
⁊	et
patientiā	patientiam
simul	simul
īsinuans	insinuans
a	a
it	it
In	In
om̄ibz	omnibus
tͥbulatōnē	tribulationem
patim᷑	patimur
sz	sed
non	non
angustiam᷑	angustiamur
oppͥmim᷑	opprimimur
sed	sed
n̄	non
destituim᷑	destruimur
ꝑsecutōnē	persequtionem
patimur	patimur
sz	sed
n̄	non
derelinqͥm᷑	derelinquimur
deicm᷑	deicimur
sz	sed
n̄	non
ꝑimus	perimus
Iusti	Iusti
enim	enim
int̄	inter
incudem	incudem
patientie	patientie
⁊	et
tribulatōnis	tribulationis
mal	mal
leum	leum
Ꝯstituti	constituti
tamqͣm	tamquam
ductile	ductile
aurū	aurum
qͣto	quanto
magis	magis
tundunt᷑	tunduntur
tanto	tanto
maḡ	magis
celestibuz	celestibus
desideriis	desideriis
dilatant᷑	dilatantur
sicut	sicut
scͥptum	scriptum
est	est
In	In
tͥ	tri
bulatione	bulatione
dilatasti	dilatasti
mͥ	mihi
In	In
exodo	exodo
etiā	etiam
leg᷑r	legitur
Qͣnto	Quanto
magis	magis
oppͥmebant᷑	opprimebantur
filii	filii
Isrƚ	Israel
tanto	tanto
magis	magis
multiplicabant᷑	multiplicabantur
⁊	et
crescebant	crescebant
hīc	hinc
etiam	etiam
regnum	regnum
celoꝝ	celorum
grano	grano
sinapis	sinapis
comparat᷑	comparatur
qꝛ	quia
quanto	quanto
magis	magis
terit᷑	teritur
tanto	tanto
magis	magis
feruor	feruor
eius	eius
intendit᷑	intenditur
ita	ita
sc̄i	sancti
qͣto	quanto
grauiora	grauiora
paciuntur	patiuntur
tanto	tanto
ad	ad
gͣuiora	grauiora
sustinenda	sustinenda
magis	magis
animant᷑	animantur
unde	unde
cum	cum
agabz	agabus
ꝓpħasset	prophetasset
apƚo	apostolo
alligationē	alligationem
suam	suam
ī	in
ierƚm	ierusalem
⁊	et
qui	qui
aderant	aderant
cum	cum
lacͥmis	lacrimis
astarent	astarent
ne	ne
in	in
ierƚm	ierusalem
ascenðet	ascenderet
Respondit	respondit
Ego	Ego
n̄	non
solum	solum
alligari	alligari
sz	sed
etiam	etiam
mori	mori
parat᷒	paratus
sum	sum
ꝓ	pro
nomine	nomine
iħu	iehsu
audistis	audistis
qm̄	quoniam
sanctoꝝ	sanctorum
sp̄c	spiritus
uaria	uaria
sollicitudine	sollicitudine
Ꝯterunt᷑	conteruntur
uniuersos	uniuersos
etiam	etiam
mot᷒	motus
suꝑbie	superbie
pede	pede
hūilitatis	humilitatis
Ꝯterunt	conterunt
⁊	et
uestigiis	uestigiis
illius	illius
qui	qui
dicit	dicit
Discite	Discite
a	a
me	me
qꝛ	quia
mitis	mitis
⁊	et
humilis	humilis
sum	sum
corde	corde
diligent̄	diligenter
insistunt	insistunt
imitantes	imitantes
dauid	dauid
Cui	cui
cū	cum
exꝓbrasset	exprobrasset
michol	michol
ꝙ	quod
coram	coram
archa	archa
domini	domini
saltasset	saltasset
⁊	et
regie	regie
maiestatis	maiestatis
oblitus	oblitus
se	se
tanqͣm	tanquam
un᷒	unus
de	de
scurris	scurris
disco	disco
oꝑuisset	operuisset
Respondit	respondit
ludam	ludam
⁊	et
uilior	uilior
fiam	fiam
coram	coram
oculis	oculis
meis	meis
⁊	et
coram	coram
ancillis	ancillis
dn̄i	domini
gƚosior	gloriosior
apparebo	apparebo
coram	coram
archa	archa
dn̄i	domini
ludit	ludit
qͥ	qui
dum	dum
magnalia	magnalia
dī	dei
conspicit	conspicit
in	in
canticis	canticis
exultatōnis	exultationis
erumpit	erumpit
qͥ	qui
aū	autem
in	in
oculis	oculis
suis	suis
uiƚ	uilis
est	est
⁊	et
abiectus	abiectus
coram	coram
ancilƚ	ancillis
domini	domini
i.	idest
inconspectu	inconspectu
aīmarū	animarum
in	in
die	die
retͥbutōnis	retributionis
gƚosus	gloriosus
erit	erit
Qui	Qui
enim	enim
se	se
humiliat	humiliat
exaltabit᷑	exaltabitur
Si	si
dixeris	dixeris
incorde	incorde
tuo	tuo
cum	cum
omīa	omnia
benefec̄is	benefeceris
dicas	dicas
seruus	seruus
inutilis	inutilis
sum	sum
quod	quod
debui	debui
facere	facere
feci	feci
⁊	et
tunc	tunc
respondebit	respondebit
tͥ	tibi
domin᷒	dominus
Euge	Euge
serue	serue
bone	bone
⁊	et
fideƚ	fidelis
qꝛ	quia
suꝑ	super
pauca	pauca
fuisti	fuisti
fidelis	fidelis
supͣ	supra
multa	multa
constituā	constituam
intra	intra
ī	in
gaudiū	gaudium
domini	domini
tui	tui
ði	dei
Si	si
memor	memor
delictoꝝ	delictorum
dixeris	dixeris
Dereliqut	Dereliquit
me	me
domin᷒	dominus
dn̄s	dominus
oblit᷒	oblitus
ē	est
mei	mei
Respōdebit	respondebit
p	p
261	261
ri	ri
coniungi	coniungi
non	non
pot̄ant	poterant
sine	sine
pluuia	pluuia
qꝛ	quia
etiam	etiam
frum̄tum	frumentum
seminatū	seminatum
in	in
t̄ra	terra
non	non
pot̄	potest
fructum	fructum
ꝓducere	producere
similem	similem
sue	sue
origini	origini
sine	sine
rore	rore
⁊	et
pluuia	pluuia
sz	sed
t̄ra	terra
nr̄a	nostra
tam	tam
in	in
beata	beata
uirgine	uirgine
qͣm	quam
in	in
alio	alio
homine	homine
ita	ita
corrupta	corrupta
fuit	fuit
⁊	et
sicca	sicca
ꝙ	quod
ꝑ	per
nullum	nullum
humorē	humorem
nature	nature
pot̄at	poterat
ꝓducere	producere
carnem	carnem
similem	similem
pͥme	prime
origini	origini
i.	idest
carni	carni
quaƚ	quales
fuit	fuit
in	in
pͥma	prima
innocentia	innocentia
ade	ade
nz	neque
pot̄at	poterat
diuinitas	diuinitas
seminari	seminari
ad	ad
fructum	fructum
faciendū	faciendum
nisi	nisi
in	in
tali	tali
carne	carne
tam	tam
munda	munda
⁊	et
tam	tam
pura	pura
qͣƚ	qualis
fuit	fuit
in	in
pͥmo	primo
statu	statu
ꝙ	quod
non	non
pot̄at	poterat
fieri	fieri
sine	sine
rore	rore
⁊	et
pluuia	pluuia
celesti	celesti
sicut	sicut
legit᷑	legitur
in	in
ysa	ysaia
xluͦi	xlui
Rorate	rorate
celi	celi
de	de
suꝑ	super
⁊	et
nubes	nubes
pluant	pluant
iustū	iustum
⁊	et
ita	ita
aꝑitur	aparitur
t̄ra	terra
et	et
ḡminet	germinet
saluatorē	saluatorem
⁊	et
hoc	hoc
est	est
quod	quod
hic	hic
dr᷑	dicitur
celum	celum
tribuet	tribuet
pluuiam	pluuiam
t̄re	terre
tue	tue
in	in
temꝑe	tempore
suo	suo
qꝛ	quia
nisi	nisi
ꝑ	per
istam	istam
pluuiā	pluuiam
i.	idest
ꝑ	per
oꝑationē	operationem
s.	scilicet
s.	scilicet
eēt	esset
de	de
purata	purata
caro	caro
cui	cui
filius	filius
dei	dei
unitus	unitus
est	est
non	non
eēt	esset
hodierna	hodierna
frā	forma
conceptio	conceptio
sicut	sicut
legitur	legitur
ꝙ	quod
conceptus	conceptus
ē	est
xp̄c	chritus
de	de
sp̄u	spiritu
sancto	sancto
sz	sed
quomͦ	quomodo
fuit	fuit
aꝑtus	apertus
thesaur᷒	thesaurus
beate	beate
uirginis	uirginis
cum	cum
semꝑ	semper
fūit	fuerit
ortus	ortus
ille	ille
conclusus	conclusus
ad	ad
ꝙ	quod
dm᷒	dominus
ꝙ	quod
ip̄a	ipsa
aꝑuit	aperuit
sinum	sinum
corð	cordis
non	non
gremium	gremium
carnis	carnis
aꝑta	aperta
fuit	fuit
ꝑ	per
fidem	fidem
n̄	non
ꝑ	per
libidinē	libidinem
nͥ	nisi
n	enim
aꝑuissz	aperuisset
ianuam	ianuam
corð	cordis
non	non
intrassz	intrasset
dn̄s	dominus
in	in
uterum	uterum
camis	camis
non	non
n	enim
intrat	intrat
dn̄s	dominus
nisi	nisi
aꝑiatur	aperiatur
ei	ei
sz	sed
qꝛ	quia
dep̄dari	deperdari
desiderat	desiderat
qui	qui
thesaur̄	thesaurum
in	in
uia	uia
publice	publice
portat	portat
absconð	abscondit
dn̄s	dominus
thesaurū	thesaurum
istum	istum
ī	in
modico	modico
castello	castello
u	quia
intrauit	intrauit
iħc	iehsu
in	in
quoddam	quoddam
castellū	castellum
⁊	et
mulier	mulier
quedam	quedam
excep̄	excepere
eam	eam
in	in
domum	domum
suam	suam
ut	ut
in	in
luca	luca
cͦxͦ	cx
ali᷒	alius
tn̄	tamen
in	in
euͣngli	euangeli
xiii	xiii
ita	ita
dic̄	dicit
ꝙ	quod
absconditus	absconditus
erat	erat
thesaur᷒	thesaurus
iste	iste
in	in
ago	agro
quē	quem
qui	qui
inuenit	inuenit
hō	homo
uadit	uadit
⁊	et
uenit	uendit
uni	uni
ūsa	uersa
que	que
ht̄	habet
⁊c̄	etcetera
ager	ager
dr᷑	dicitur
siue	siue
uirgo	uirgo
beata	beata
uͥgo	uirgo
multis	multis
actōnibz	actionibus
uirtutū	uirtutum
exculta	exculta
beat᷒	beatus
homo	homo
qui	qui
emit	emit
agr̄	ager
illum	illum
⁊	et
sibi	sibi
facit	facit
ꝓpicium	propicium
ysa	ysaia
xlui	xlui
⁊̄	etiam
dicit	dicit
uere	uere
deus	deus
absconditus	absconditus
es	es
tu	tu
deus	deus
isrƚ	israelis
⁊	et
saluator	saluator
ei᷒	eius
⁊	et
ideo	ideo
fuit	fuit
ante	ante
abscondit᷒	absconditus
qr	quia
sic̄	sicut
dicit	dicit
apƚc	apostolus
ad	ad
corint̄	corinthios
iͣiiͦcͦ	iiic
si	si
cognouissent	cognouissent
nūquam	numquam
dn̄m	dominum
gƚe	glorie
crucifixissent	crucifixissent
absconditus	absconditus
⁊̄	etiam
in	in
carne	carne
exiuit	exiuit
de	de
utero	utero
uirginis	uirginis
tanqͣm	tanquam
gladius	gladius
in	in
uagina	uagina
ut	ut
punaret	punaret
contra	contra
diabolum	diabolum
sz	sed
non	non
credidit	credidit
diabolus	diabolus
ꝙ	quod
tā	tam
magnus	magnus
gladius	gladius
in	in
tam	tam
parua	parua
uagina	uagina
possz	posset
abscondi	abscondi
un̄	unde
in	in
ysa	ysaia
xxuiͦi	xxuii
in	in
die	die
illa	illa
uisitabo	uisitabo
suꝑ	super
leuiatā	leuiatam
in	in
gladio	gladio
meo	meo
duro	duro
gͣndi	grandi
⁊	et
forti	forti
dur᷒	durus
est	est
gladius	gladius
qr	quia
nicħ	nichil
potest	potest
ei	ei
obsistere	obsistere
gͣndis	grandis
qꝛ	quia
nicħ	nichil
potest	potest
ei	ei
resistere	resistere
sz	sed
homo	homo
resistit	resistit
defendit	defendit
gͥ	igitur
xp̄e	christus
hunc	hunc
thesaurū	thesaurum
p̄liis	preliis
multis	multis
⁊	et
tribulationibz	tribulationibus
magnis	magnis
ut	ut
integr̄	integre
et	et
illesum	illesum
eum	eum
portaret	portaret
ad	ad
crucē	crucem
⁊	et
ibi	ibi
eū	eum
pr̄i	patri
ꝓ	pro
redemptōne	redemptione
nra	nostra
ꝑsolueret	persolueret
⁊	et
ꝑsoluit	persoluit
et	et
ita	ita
benedixit	benedixit
dn̄s	dominus
oꝑibz	operibus
manuū	manuum
suaꝝ	suarum
tertius	tertius
thesaurus	thesaurus
est	est
anima	anima
xͥana	christiana
⁊	et
uere	uere
thesaur᷒	thesaurus
est	est
qr	quia
nͥ	nisi
magni	magni
p̄cii	precii
eēt	esset
non	non
dedissz	dedisset
xp̄c	chritus
semet	semet
ipsum	ipsum
ꝓ	pro
ea	ea
uere	uere
magni	magni
p̄cii	precii
est	est
qꝛ	quia
ꝓ	pro
ea	ea
pugnat	pugnat
tota	tota
milicia	milicia
celi	celi
⁊	et
tota	tota
milicia	milicia
infrni	inferni
īmo	immo
quicqͥd	quicquid
ubiqz	ubique
ē	est
uƚ	uel
pugnat	pugnat
ꝓ	pro
anima	anima
cum	cum
deo	deo
uƚ	uel
cū	cum
diabolo	diabolo
un̄	unde
in	in
apƚo	apostoloc
cͦxiͦii	xiii
michael	michael
⁊	et
angeli	angeli
ei᷒	eius
pugnabant	pugnabant
cū	cum
dracone	dracone
⁊	et
drco	draco
⁊	et
angeli	angeli
ei᷒	eius
pugnabant	pugnabant
et	et
n̄	non
ualuer̄t	ualuerent
⁊	et
p̄p	propter
quid	quid
pugnāt	pugnant
p̄p	propter
solam	solam
aīam	animam
qꝛ	quia
diabolus	diabolus
n̄	non
querit	querit
nisi	nisi
aīas	ainimas
cet̄a	cetera
tolle	tolle
tͥ	tibi
uerbum	uerbum
diabƚi	diaboli
est	est
Ieꝝ	Ierum
uͦ	u
laqueas	laqueas
pauentes	pauentes
⁊	et
pedicas	pedicas
ad	ad
capiendas	capiendas
uiros	uiros
It̄	Item
ꝓuͥƀ	prouerbis
uͦi	ui
p̄cium	precium
scorti	scorti
uix	uix
unius	unius
panis	panis
ē	est
mulier	mulier
aūt	autem
p̄ciosiorem	preciosiorem
animam	animam
uiri	uiri
cap̄	caput
uere	uere
p̄ciosa	preciosa
res	res
ē	est
anima	anima
decora	decora
res	res
ē	est
anima	anima
que	que
facta	facta
est	est
ad	ad
ymaginē	ymaginem
dei	deinon
non	potest
potest	esse
ēe	res
deformis	deformis
q̄	que
tante	tante
pulcritudini	pulcritudini
simiƚ	similis
est	est
in	in
qͣm	quam
desiderant	desiderant
angƚi	anguli
ꝓspicere	prospicere
ut	ut
petͥ	petri
iͣ	i
iͦ	i
nescit	nescit
miser	miser
hō	homino
qͣntum	quantum
thesaurū	thesaurum
portet	portet
ꝓ	pro
quo	quo
totus	totus
mundus	mundus
confliḡ	confligam
⁊	et
ip̄e	ipse
dormit	dormit
simiƚ	similis
est	est
aīa	anima
illa	illa
m̄etrici	meretrici
ꝓ	pro
qua	qua
confligunt	confligunt
duo	duo
lecatores	lecatores
⁊	et
ip̄a	ipsa
expectat	expectat
ut	ut
cedat	cedat
uictori	uictori
Sz	sed
in	in
hac	hac
pugna	pugna
plures	plures
ht̄	habet
diabolus	diabolus
adiutores	adiutores
qͣm	quam
deus	deus
p̄lati	prelati
n	enim
nr̄i	nostri
tem	tem
poris	poris
n̄	non
sunt	sunt
boni	boni
milites	milites
Ꝯͣ	contra
diabolum	diabolum
Iob	Iob
capͦ	capitulo
pn̄ult̄	penultum
n̄	non
fugabit	fugabit
eum	eum
uir	uir
fagitarius	sagitarius
uer	uer
si	si
sunt	sunt
ei	ei
in	in
stipulam	stipulam
lapides	lapides
funde	funde
⁊	et
quasi	quasi
stipulam	stipulam
estimabit	estimabit
malleū	malleum
⁊	et
deridebit	deridebit
iu	ui
brantē	brantem
hastam	hastam
enum̄at	enumerat
hic	hic
arma	arma
quibz	quibus
debellari	debellari
deƀet	deberet
diabol᷒	diabolus
s.	scilicet
sagitias	sagitias
⁊	et
lapides	lapides
funde	funde
⁊	et
malleū	malleum
⁊	et
hastam	hastam
de	de
quibz	quibus
mͦ	modo
dici	dici
n̄	non
potest	potest
Sz	sed
si	si
hr̄emus	heremus
ionatham	ionatham
cui᷒	cuius
sagit	sagitta
ta	nonquam
nonqͣm	abiit
abiit	retror
retrorsum	sum
ut	ut
in	in
Regū	regum
iͦiiͦ	iii
similiter	similiter
si	si
haberem᷒	haberemus
dauid	dauid
fundibalarium	fundibalarium
qui	qui
in	in
funda	funda
sua	sua
deicit	deiecit
goliam	goliam
ut	ut
in	in
regū	regum
iͦ	i
xuii	xuii
⁊	et
si	si
hr̄emus	heremus
iahel	iahel
uxorē	uxorem
abner	abner
q̄	que
cum	cum
malleo	malleo
et	et
clauo	clauo
taƀnaculi	tabernaculi
occið	occidere
cisaram	cisaram
ut	ut
ī	in
iudicium	iudicium
cͦiiͦii	ciiii
si	si
hr̄emus	heremus
abn̄er	abner
qͥ	qui
aūsa	auersa
ha	ha
sta	sta
occið	occidere
aiahel	aiahel
uelociorē	uelociorem
capreis	capreis
siluaꝝ	siluarum
n̄	non
desti	desti
deret	deret
diabolus	diabolus
arma	arma
p̄dicta	predicta
sz	sed
in	in
die	die
uidecii	iudecii
habe	habe
bit	bit
dn̄s	dominus
qi	quasi
in	in
adiutoriū	adiutorium
Ꝯͣ	contra
inimicos	inimicos
suos	suos
totum	totum
mundū	mundum
un̄	unde
in	in
libro	libro
sapīe	sapiencie
cͦ	c
uͦ	u
pugnabit	pugnabit
cum	cum
eo	eo
orƀ	orbis
t̄raꝝ	terrrarum
Ꝯͣ	contra
insensatos	insensatos
magna	magna
erit	erit
ibi	ibi
hostilitas	hostilitas
uͥ	ubi
miser	miser
homo	homo
nͨ	nec
etiam	etiam
atomū	atomum
habebit	habebit
in	in
qͦ	quo
quiescere	quiescere
possit	possit
qr	quia
nͨ	nec
erit	erit
atomus	atomus
in	in
mundo	mundo
qͥ	qui
dampnat̄	dampnatum
non	non
impugnat	impugnat
un̄	unde
diues	diues
in	in
inf̄̄no	inferno
nec	nec
⁊̄	etiam
guttam	guttam
aque	aque
potuit	potuit
hr̄e	habere
ad	ad
refrige	refrige
randū	randum
linguam	linguam
suam	suam
ut	ut
in	in
luc̄	luca
cͦxuͦi	cxui
si	si
scitet	sciret
hō	homo
qͣm	quam
facile	facile
possit	possit
expugnari	expugnari
diabolus	diabolus
n̄	non
tim̄et	timeret
pugnare	pugnare
cū	cum
eo	eo
est	est
n	enim
diabol᷒	diabolus
debilissimus	debilissimus
ad	ad
pugnanð	pugnandum
⁊	et
ad	ad
querenð	querendum
sz	sed
fortissim᷒	fortissimus
ad	ad
retinenð	retinendum
ꝙ	quod
ceꝑit	ceperit
⁊	et
in	in
retinendo	retinendo
n̄	non
est	est
fortitudo	fortitudo
in	in
t̄ra	terra
que	que
ei	ei
possit	possit
comꝑari	comparari
nͨ	nec
pot̄	potest
eripi	eripi
ꝙ	quod
tenet	tenet
nͥ	nisi
in	in
manu	manu
fortiori	fortiori
ut	ut
in	in
eiuͦ	euangelio
luce	luce
cͦxͦi	cxi
Cū	cum
fortis	fortis
armat᷒	armatus
custoð	custodere
atrium	atrium
suū	suum
in	in
pace	pace
st̄	sunt
om̄ia	omnia
que	que
possidet	possidet
sz	sed
suꝑuenit	superuenit
fortior	fortior
⁊c̄	etcetera
timid᷒	timidus
ē	est
diabol᷒᷒	diabolus
qꝛ	quia
absorta	absorta
ē	est
potestas	potestas
ei᷒	eius
in	in
uictoria	uictoria
un̄	unde
sic̄	sicut
ia	ia
iiii	iiii
resistite	resistite
diabolo	diabolo
⁊	et
fugiet	fugiet
a	a
uoƀ	uobis
⁊	et
ioħs	iohanis
u	u
uis	uis
san᷒	sanus
fī	fiunt
surge	surge
⁊	et
ambula	ambula
dum	dum
n	enim
iacet	iacet
hō	homo
facile	facile
uincit᷑	uincitur
sz	sed
si	si
surḡ	surgere
⁊	et
stat	stat
⁊	et
ambƚat	ambulat
unum	unum
passum	passum
Ꝯͣ	contra
diabolum	diabolum
fugiet	fugiet
mille	mille
pass᷒	passus
un̄	unde
ḡḡ	gregorio
n̄	non
est	est
magnoꝑe	magnopere
timend᷒	timendus
est	est
hostis	hostis
qui	qui
n̄	non
potest	potest
uinc̄e	uincere
nͥ	nisi
uolentē	uolentem
alii	alii
thesauri	thesauri
aꝑti	aperti
sunt	sunt
sz	sed
iste	iste
thesaur᷒	thesaurus
abscondend᷒	abscondendus
est	est
ezechias	ezechias
n	enim
punitus	punitus
ē	est
a	a
dn̄o	domino
qꝛ	quia
ostendit	ostendit
thesauros	thesauros
suos	suos
nunciis	nunciis
regis	regis
babylonis	babylonis
sic̄	sicut
leg᷑	legitur
in	in
ysa	ysaia
xxxuiͦii	xxxuiii
si	si
n	enim
aꝑiatur	apariatur
ingressus	ingressus
in	in
aīam	animam
diabolo	diabolo
n̄	non
egrediet᷑	egredietur
nisi	nisi
inqui	inqui
naūit	nauerit
⁊	et
nocuūit	nocuerit
ut	ut
inꝓū	inprouerbio
iiii	iiii
n̄	non
dormiūt	dormiunt
nisi	nisi
malefec̄ints	malefecerintscilicet
demones	demones
nec	nec
rapit᷑	rapitur
sompn᷒	sompnus
ab	ab
eis	eis
nͥ	nisi
supplantauūint	supplantauerint
sic̄	sicut
leg᷑	legitur
in	in
genn̄	genesi
xxͦxiͦii	xxxiii
Eḡssa	Egressa
est	est
dina	dina
ut	ut
uideret	uideret
puellas	puellas
regionis	regionis
ludentes	ludentes
⁊	et
statim	statim
concupita	concupita
⁊	et
rapta	rapta
⁊	et
corrupta	corrupta
ē	est
a	a
sichen	sichen
filio	filio
amor	amor
sic	sic
et	et
aīa	anima
euagata	euagata
ꝑ	per
ua	ua
nas	nas
cogitationes	cogitationes
in	in
amplexuᷤ	amplexus
diaboli	diaboli
rapit᷑	rapitur
⁊	et
corrumpit᷑	corrumpitur
un̄	unde
om̄i	omni
custodia	custodia
custodi	custodi
cor	cor
tuū	tuum
ut	ut
in	in
ꝓū	prouerbio
iiii	iiii
⁊	et
porta	porta
animū	animum
rege	rege
qͥ	qui
non	non
paret	paret
impe	impe
rat	rat
hunc	hunc
frenis	frenis
hunc	hunc
tu	tu
cōpesce	compesce
cħat̄hetus	chathetus
⁊	et
in	in
eccͦ	ecclesie
fili	fili
accedēs	accedens
ad	ad
seruitutē	seruitutem
dei	dei
mitte	mitte
in	in
cōpede	compedes
pedes	pedes
tuos	tuos
i.	idest
affectos	affectos
tuos	tuos
p̄ceptis	preceptis
diuinis	diuinis
constuͥ	constrin
ge	ge
ħ	hec
pec̄co	peccato
maxīe	maxime
peccant	peccant
claustrales	claustrales
quoꝝ	quorum
lingͣ	lingua
cu	cum
sit	sit
in	in
silentio	silentio
claustri	claustri
anim᷒	animus
tam̄	tamen
eoꝝ	eorum
egrediens	egrediens
cū	cum
toto	toto
mundo	mundo
fabulat᷑	fabulatur
⁊	et
sepe	sepe
non	non
suffic̄	sufficere
hoc	hoc
nͥ	nisi
⁊̄	etiam
corꝑa	corpora
egrediant᷑	egrediantur
n̄	non
attenditur	attenditur
ꝙ	quod
dic̄	dicit
iob	iob
xxix	xxix
In	In
nidulo	nidulo
meo	meo
moriar	moriar
⁊	et
qͣi	quasi
palma	palma
multiplicabo	multiplicabo
dies	dies
Nidulus	nidulus
iste	iste
affectus	affectus
āi	animi
est	est
in	in
claustͦ	claustro
content᷒	contentus
nec	nec
egredit᷑	egreditur
nisi	nisi
sursū	sursum
sic̄	sicut
palma	palma
fructifi	fructifi
cat	cat
in	in
sūmo	summo
qꝛ	quia
in	in
sūmo	summo
i.	idest
in	in
celo	celo
i.	idest
in	in
sūmo	summo
debet	debet
expectari	expectari
fruct᷒	fructus
n̄r	noster
⁊	et
nota	nota
ꝙ	quod
palma	palma
n̄	non
fructificat	fructificat
nͥ	nisi
p᷒	post
c	c
annos	annos
un̄	unde
qui	qui
plantat	plantat
palmā	palmam
fructū	fructum
n̄	non
comedet	comedet
ex	ex
ea	ea
s.	scilicet
in	in
hac	hac
uita	uita
sz	sed
expectanda	expectanda
est	est
ꝑ	per
totam	totam
hanc	hanc
uitā	uitam
retributio	retributio
dei	dei
ad	ad
idem	idem
legit᷑	legitur
in	in
psalmo	psalmo
hec	hec
requies	requies
mea	mea
in	in
scƚm	seculum
scƚi	seculi
hic	hic
habitabo	habitabo
qm̄	quoniam
elegi	elegi
eam	eam
sequit᷑	sequitur
de	de
thesauro	thesauro
t̄reno	terreno
qͥ	qui
sepe	sepe
maḡ	magis
nocet	nocet
qͣm	quam
prosit	prosit
qꝛ	quia
stulticiam	stulticiam
paciunt᷑	paciuntur
opes	opes
⁊	et
it̄	item
in	in
ecͨcͤ	ecclesiaste
u	u
Qͥ	Qui
amat	amat
diuicias	diuicias
fructū	fructum
non	non
capiet	capiet
ex	ex
eis	eis
It̄	Item
in	in
eoð	eodem
est	est
infirmi	infirmi
tas	tas
pessima	pessima
qͣm	quam
uidi	uidi
sub	sub
sole	sole
s.	scilicet
diuicie	diuicie
conserua	conserua
te	te
in	in
malū	malum
dn̄i	domini
sui	sui
ꝑeunt	pereunt
enī	enim
in	in
afflictione	afflictione
pessima	pessima
multi	multi
n	enim
lux᷑iantur	luxuriantur
in	in
diuiciis	diuiciis
suis	suis
qͥ	qui
si	si
pauꝑes	pauperes
eēnt	essent
n̄	non
possent	possent
It̄	Item
in	in
ꝓū	prouerbio
xi	xi
alii	alii
diuidt̄	diuidunt
ꝓpͥa	propria
⁊	et
diciores	diciores
fiunt	fiunt
alii	alii
rapiunt	rapiunt
n̄	non
sua	sua
⁊	et
semꝑ	semper
inegestate	inegestate
sunt	sunt
It̄	Item
xii	xii
est	est
qͣm	quasi
diues	diues
cum	cum
nicħ	nichil
hāt	habebat
⁊	et
est	est
qͣi	quasi
pauꝑ	pauper
cum	cum
ī	in
mƚtis	multis
hāt	habebat
diuiciis	diuiciis
sit	sit
⁊	et
it̄	item
xuii	xuii
quid	quid
ꝓdest	prodest
stultū	stultum
hr̄e	habere
diuicias	diuicias
cum	cum
sap̄iam	sapientiam
emere	emere
n̄	non
possit	possit
It̄	Item
philosoph᷒	philosophus
Qͥ	Qui
multa	multa
hn̄t	habent
mƚta	multa
eis	eis
nec̄cia	necessaria
sunt	sunt
⁊	et
quibz	quibus
mƚta	multa
necc̄ia	necessaria
st̄	sunt
mƚtis	multis
indigent	indigent
⁊	et
qͥ	qui
multis	multis
indigent	indigent
multa	multa
ei᷒	eius
desunt	desunt
min᷒	minus
gͥ	igitur
habn̄dū	habnundum
ē	est
ut	ut
min᷒	minus
desit	desit
ūe	uere
n̄	non
st̄	sunt
di	di
uitie	uitie
h᷒	huius
scƚi	seculi
bone	bone
qꝛ	quia
si	si
bone	bone
eēnt	essent
ðs	deus
qͥ	qui
nullo	nullo
bono	bono
ca	ca
rere	rere
pͭ	post
eis	eis
n̄	non
cariussz	cariusset
⁊	et
sidiuicas	sidiuicias
hr̄e	habere
cupim᷒	cupimus
nuqͣm	nuquam
meli᷒	melius
eas	eas
habebim᷒	habebimus
ꝙͣ	quam
contēpnendo	contempnendo
Si	si
enī	enim
omīa	omnia
hr̄e	habere
n̄	non
potes	potes
contēpn̄e	contempnere
omīa	omnia
potes	potes
ꝙ	quod
n	enim
contempnis	contempnis
tͥ	tibi
suƀm	substantiam
ē	est
⁊	et
qð	quod
tͥ	tibi
suƀm	substantiam
ētun̄	est
ē	tuum
quicquid	estquicquid
gͥ	igitur
contēpnis	contempnis
